Variety,Cropping_System,Sowing_Date,Harvest_Date,Yield
COPROSEM 2,RIEGO,2008-05-28,2008-09-09,5812.5
F2000,RIEGO,2013-01-15,2013-05-08,9534.692442
F2000,RIEGO,2013-01-15,2013-05-08,5824.830233
F2000,RIEGO,2013-01-15,2013-05-08,8501.274419
F60,RIEGO,2013-01-15,2013-05-08,5832.235465
F60,RIEGO,2013-01-15,2013-05-08,3733.6255810000002
F60,RIEGO,2013-01-15,2013-05-08,5931.218605
F733,RIEGO,2013-01-15,2013-05-08,5561.559302000001
F733,RIEGO,2013-01-15,2013-05-08,5968.7790700000005
F733,RIEGO,2013-01-15,2013-05-08,7851.7168599999995
F50,RIEGO,2007-03-28,2007-07-21,7687.5
ONLY RICE 228,RIEGO,2012-05-04,2012-08-29,5000.0
F50,RIEGO,2013-01-15,2013-05-12,4975.348837
F50,RIEGO,2013-01-15,2013-05-12,5240.723837
F50,RIEGO,2013-01-15,2013-05-12,4889.000581
LAGUNAS,RIEGO,2011-05-02,2011-08-29,5000.0
F2000,RIEGO,2012-09-06,2013-01-03,4721.952907
F2000,RIEGO,2012-09-06,2013-01-03,4982.787209
F2000,RIEGO,2012-09-06,2013-01-03,4248.836628
F2000,RIEGO,2012-09-06,2013-01-03,4284.686919
F2000,RIEGO,2013-02-21,2013-06-20,4126.227907
F2000,RIEGO,2013-02-21,2013-06-20,6524.069767
F2000,RIEGO,2013-02-21,2013-06-20,5686.360465
F2000,RIEGO,2013-02-21,2013-06-20,5607.209302
F2000,RIEGO,2013-04-02,2013-07-30,6974.767442
F2000,RIEGO,2013-04-02,2013-07-30,4884.222384000001
F2000,RIEGO,2013-04-02,2013-07-30,6972.878634000001
F2000,RIEGO,2013-04-02,2013-07-30,5005.638081
F60,RIEGO,2013-02-21,2013-06-20,5033.763081
F60,RIEGO,2013-02-21,2013-06-20,4774.491279
F60,RIEGO,2013-02-21,2013-06-20,4781.662791
F60,RIEGO,2013-02-21,2013-06-20,3899.5906979999995
F60,RIEGO,2013-04-02,2013-07-30,5582.430959
F60,RIEGO,2013-04-02,2013-07-30,5080.338663
F60,RIEGO,2013-04-02,2013-07-30,4703.7375
F60,RIEGO,2013-04-02,2013-07-30,5384.381686
F733,RIEGO,2012-09-06,2013-01-03,5230.094477000001
F733,RIEGO,2012-09-06,2013-01-03,6672.293022999999
F733,RIEGO,2012-09-06,2013-01-03,5130.824419
F733,RIEGO,2012-09-06,2013-01-03,4879.350872
F733,RIEGO,2013-02-21,2013-06-20,5881.023256
F733,RIEGO,2013-02-21,2013-06-20,4966.511628
F733,RIEGO,2013-02-21,2013-06-20,4762.299419
F733,RIEGO,2013-02-21,2013-06-20,4326.63314
F733,RIEGO,2013-04-02,2013-07-30,5711.444477
F733,RIEGO,2013-04-02,2013-07-30,7838.088372
F733,RIEGO,2013-04-02,2013-07-30,5503.096512
F733,RIEGO,2013-04-02,2013-07-30,6382.953488
F2000,RIEGO,2012-11-25,2013-03-25,4348.386628
F2000,RIEGO,2012-11-25,2013-03-25,4696.002907
F2000,RIEGO,2012-11-25,2013-03-25,3890.697674
F2000,RIEGO,2012-11-25,2013-03-25,3886.627907
F60,RIEGO,2012-11-25,2013-03-25,4149.493605
F60,RIEGO,2012-11-25,2013-03-25,4092.5872090000003
F60,RIEGO,2012-11-25,2013-03-25,4108.7209299999995
F60,RIEGO,2012-11-25,2013-03-25,4987.281977000001
F733,RIEGO,2012-11-25,2013-03-25,4937.042151
F733,RIEGO,2012-11-25,2013-03-25,4309.273256
F733,RIEGO,2012-11-25,2013-03-25,4292.267442
F733,RIEGO,2012-11-25,2013-03-25,4724.418605
F369,RIEGO,2008-04-11,2008-08-11,8500.0
F2000,RIEGO,2013-03-13,2013-07-13,7979.796512000001
F2000,RIEGO,2013-03-13,2013-07-13,5030.875581
F2000,RIEGO,2013-03-13,2013-07-13,4223.665115999999
F2000,RIEGO,2013-03-13,2013-07-13,4405.116279
F60,RIEGO,2013-03-13,2013-07-13,5342.093022999999
F60,RIEGO,2013-03-13,2013-07-13,8424.017442
F60,RIEGO,2013-03-13,2013-07-13,7907.547093000001
F60,RIEGO,2013-03-13,2013-07-13,7694.145348999999
F733,RIEGO,2011-02-11,2011-06-13,6641.729651
F733,RIEGO,2011-02-11,2011-06-13,7320.218023
F733,RIEGO,2011-02-11,2011-06-13,5742.674419
F733,RIEGO,2011-02-11,2011-06-13,8416.27907
F733,RIEGO,2013-03-13,2013-07-13,5065.525581
F733,RIEGO,2013-03-13,2013-07-13,4504.12907
F733,RIEGO,2013-03-13,2013-07-13,5267.4837210000005
F733,RIEGO,2013-03-13,2013-07-13,4596.216802
COLOMBIA XXI,RIEGO,2008-10-21,2009-02-21,10750.0
F2000,RIEGO,2012-08-09,2012-12-10,6488.05
F2000,RIEGO,2012-08-09,2012-12-10,6062.972674000001
F2000,RIEGO,2012-08-09,2012-12-10,8043.251163
F2000,RIEGO,2012-08-09,2012-12-10,5577.746512
F50,RIEGO,2012-09-06,2013-01-07,4437.584302
F50,RIEGO,2012-09-06,2013-01-07,4357.046512
F50,RIEGO,2012-09-06,2013-01-07,3844.0093020000004
F50,RIEGO,2012-09-06,2013-01-07,3812.9284880000005
F50,RIEGO,2013-02-21,2013-06-24,4817.6965119999995
F50,RIEGO,2013-02-21,2013-06-24,5649.982558
F50,RIEGO,2013-02-21,2013-06-24,4774.491279
F50,RIEGO,2013-02-21,2013-06-24,4871.938372
F50,RIEGO,2013-04-02,2013-08-03,5997.920494
F50,RIEGO,2013-04-02,2013-08-03,5725.207558
F50,RIEGO,2013-04-02,2013-08-03,4861.355669
F50,RIEGO,2013-04-02,2013-08-03,4666.046512
F60,RIEGO,2012-08-09,2012-12-10,6555.5563950000005
F60,RIEGO,2012-08-09,2012-12-10,6367.583721
F60,RIEGO,2012-08-09,2012-12-10,5868.991279
F60,RIEGO,2012-08-09,2012-12-10,5769.976744
F60,RIEGO,2012-09-06,2013-01-07,4573.9040700000005
F60,RIEGO,2012-09-06,2013-01-07,3452.805233
F60,RIEGO,2012-09-06,2013-01-07,5134.426743999999
F60,RIEGO,2012-09-06,2013-01-07,3881.7514530000003
F733,RIEGO,2012-08-09,2012-12-10,7167.776744
F733,RIEGO,2012-08-09,2012-12-10,8781.666279000001
F733,RIEGO,2012-08-09,2012-12-10,4763.155814
F733,RIEGO,2012-08-09,2012-12-10,6808.295348999999
N.n.,RIEGO,2007-02-24,2007-06-28,6625.0
F50,RIEGO,2011-04-01,2011-08-03,7194.767442
F50,RIEGO,2011-04-01,2011-08-03,7180.232558
F50,RIEGO,2011-04-01,2011-08-03,7434.593023
F50,RIEGO,2011-04-01,2011-08-03,7664.0988370000005
F50,RIEGO,2012-11-25,2013-03-29,3863.2267439999996
F50,RIEGO,2012-11-25,2013-03-29,4741.875
F50,RIEGO,2012-11-25,2013-03-29,5507.994186
F50,RIEGO,2012-11-25,2013-03-29,4732.5
F60,RIEGO,2012-01-06,2012-05-09,7373.643819
F60,RIEGO,2012-01-06,2012-05-09,6314.875153
F60,RIEGO,2012-01-06,2012-05-09,8715.514076000001
F733,RIEGO,2010-12-27,2011-04-30,8753.633721
F733,RIEGO,2010-12-27,2011-04-30,7843.023256
F733,RIEGO,2010-12-27,2011-04-30,6851.889534999999
F733,RIEGO,2010-12-27,2011-04-30,8942.296512
F733,RIEGO,2012-01-06,2012-05-09,5095.973378
F733,RIEGO,2012-01-06,2012-05-09,5420.379437
F733,RIEGO,2012-01-06,2012-05-09,6351.2239899999995
MOCARI,RIEGO,2012-01-06,2012-05-09,7885.1141370000005
MOCARI,RIEGO,2012-01-06,2012-05-09,7637.698898000001
MOCARI,RIEGO,2012-01-06,2012-05-09,5581.132803
F733,RIEGO,2008-08-12,2008-12-15,7700.0
N.n.,RIEGO,2007-04-07,2007-08-10,7250.0
F60,RIEGO,2011-10-27,2012-02-29,5280.232558
F60,RIEGO,2011-10-27,2012-02-29,5029.887597
F60,RIEGO,2011-10-27,2012-02-29,5190.678295000001
F733,RIEGO,2011-10-27,2012-02-29,6110.4677
F733,RIEGO,2011-10-27,2012-02-29,6085.271318
F733,RIEGO,2011-10-27,2012-02-29,4704.53876
MOCARI,RIEGO,2011-10-27,2012-02-29,5735.05814
MOCARI,RIEGO,2011-10-27,2012-02-29,4127.878229999999
MOCARI,RIEGO,2011-10-27,2012-02-29,4387.267442
F50,RIEGO,2013-03-13,2013-07-17,5922.0
F50,RIEGO,2013-03-13,2013-07-17,7478.9625
F50,RIEGO,2013-03-13,2013-07-17,3991.451163
F50,RIEGO,2013-03-13,2013-07-17,4999.517442
F60,RIEGO,2011-12-05,2012-04-09,5660.954712
F60,RIEGO,2011-12-05,2012-04-09,5697.674419
F60,RIEGO,2011-12-05,2012-04-09,5246.328029
F60,RIEGO,2012-02-07,2012-06-12,7535.976744
F60,RIEGO,2012-02-07,2012-06-12,8714.92907
F60,RIEGO,2012-02-07,2012-06-12,8364.861628
F733,RIEGO,2011-12-05,2012-04-09,6884.94492
F733,RIEGO,2011-12-05,2012-04-09,7085.556916
F733,RIEGO,2011-12-05,2012-04-09,8315.911873000001
F733,RIEGO,2012-02-07,2012-06-12,7192.383720999999
F733,RIEGO,2012-02-07,2012-06-12,7248.658866
F733,RIEGO,2012-02-07,2012-06-12,5088.33314
MOCARI,RIEGO,2011-12-05,2012-04-09,6044.124847
MOCARI,RIEGO,2011-12-05,2012-04-09,5505.01836
MOCARI,RIEGO,2011-12-05,2012-04-09,6373.470012
MOCARI,RIEGO,2012-02-07,2012-06-12,6059.273256
MOCARI,RIEGO,2012-02-07,2012-06-12,5556.395349
MOCARI,RIEGO,2012-02-07,2012-06-12,5987.527907
F275,RIEGO,2008-12-10,2009-04-16,8518.75
F50,RIEGO,2011-02-11,2011-06-18,6592.44186
F50,RIEGO,2011-02-11,2011-06-18,5186.627907
F50,RIEGO,2011-02-11,2011-06-18,7926.744186
F50,RIEGO,2011-02-11,2011-06-18,5762.790698
F50,RIEGO,2012-08-09,2012-12-14,8530.593023000001
F50,RIEGO,2012-08-09,2012-12-14,6376.05407
F50,RIEGO,2012-08-09,2012-12-14,5827.361919
F50,RIEGO,2012-08-09,2012-12-14,6283.255814
F2000,RIEGO,2012-07-03,2012-11-09,5108.196221
F2000,RIEGO,2012-07-03,2012-11-09,7586.262209
F2000,RIEGO,2012-07-03,2012-11-09,8595.361047
F2000,RIEGO,2012-07-03,2012-11-09,5962.33314
F50,RIEGO,2010-12-27,2011-05-05,7491.860465000001
F50,RIEGO,2010-12-27,2011-05-05,7106.976744
F50,RIEGO,2010-12-27,2011-05-05,7664.0988370000005
F50,RIEGO,2010-12-27,2011-05-05,7116.2790700000005
F60,RIEGO,2012-07-03,2012-11-09,5513.332849
F60,RIEGO,2012-07-03,2012-11-09,6285.061919
F60,RIEGO,2012-07-03,2012-11-09,7949.816859999999
F60,RIEGO,2012-07-03,2012-11-09,7395.339244
F733,RIEGO,2012-07-03,2012-11-09,7443.415115999999
F733,RIEGO,2012-07-03,2012-11-09,8598.622384
F733,RIEGO,2012-07-03,2012-11-09,7920.084884000001
F733,RIEGO,2012-07-03,2012-11-09,8312.941859999999
OTRAS,RIEGO,2013-03-04,2013-07-12,5625.0
F2000,RIEGO,2012-05-31,2012-10-08,8609.781976999999
F2000,RIEGO,2012-05-31,2012-10-08,7925.265987999999
F2000,RIEGO,2012-05-31,2012-10-08,8916.685465
F2000,RIEGO,2012-05-31,2012-10-08,7154.162791
F60,RIEGO,2012-05-31,2012-10-08,7831.229651000001
F60,RIEGO,2012-05-31,2012-10-08,9503.431977
F60,RIEGO,2012-05-31,2012-10-08,9118.590698
F60,RIEGO,2012-05-31,2012-10-08,7996.819477
F733,RIEGO,2012-05-31,2012-10-08,9314.755814
F733,RIEGO,2012-05-31,2012-10-08,9790.332558
F733,RIEGO,2012-05-31,2012-10-08,9060.930233
F733,RIEGO,2012-05-31,2012-10-08,9477.910465
CIMARRON BARINAS,RIEGO,2008-08-16,2008-12-26,8000.0
COPROSEM 304,RIEGO,2008-03-06,2008-07-16,6312.5
F473,RIEGO,2008-04-19,2008-08-29,8000.0
F50,RIEGO,2007-03-07,2007-07-17,6437.5
F50,RIEGO,2008-07-01,2008-11-10,4687.5
F50,RIEGO,2012-05-31,2012-10-10,9189.113372
F50,RIEGO,2012-05-31,2012-10-10,9027.934593
F50,RIEGO,2012-05-31,2012-10-10,9474.0
F50,RIEGO,2012-05-31,2012-10-10,8268.455233
F50,RIEGO,2012-07-03,2012-11-12,7252.545348999999
F50,RIEGO,2012-07-03,2012-11-12,7564.751163
F50,RIEGO,2012-07-03,2012-11-12,8292.743314
F50,RIEGO,2012-07-03,2012-11-12,6301.707849
CIMARRON BARINAS,RIEGO,2007-05-26,2007-10-06,5187.5
CIMARRON BARINAS,RIEGO,2008-10-14,2009-02-24,8125.0
CIMARRON BARINAS,RIEGO,2008-11-04,2009-03-17,9375.0
COLOMBIA XXI,RIEGO,2008-03-27,2008-08-07,7937.5
F275,RIEGO,2008-05-09,2008-09-19,7687.5
F50,RIEGO,2008-04-24,2008-09-04,7187.5
F50,RIEGO,2007-02-22,2007-07-07,5000.0
CIMARRON BARINAS,RIEGO,2007-05-26,2007-10-13,7812.5
F733,RIEGO,2011-04-01,2011-08-31,6791.860465000001
F733,RIEGO,2011-04-01,2011-08-31,7829.6511629999995
F733,RIEGO,2011-04-01,2011-08-31,7541.860465000001
F733,RIEGO,2011-04-01,2011-08-31,6877.616279000001
CHICALA,RIEGO,2009-12-19,2010-04-24,5600.0
CHICALA,RIEGO,2011-08-23,2011-12-27,5163.0
CIMARRON BARINAS,RIEGO,2009-08-31,2010-01-04,4750.0
CIMARRON BARINAS,RIEGO,2009-09-03,2010-01-07,3437.0
CIMARRON BARINAS,RIEGO,2009-09-11,2010-01-15,5000.0
CIMARRON BARINAS,RIEGO,2009-10-15,2010-02-18,6562.0
CIMARRON BARINAS,RIEGO,2009-10-16,2010-02-19,5312.0
CIMARRON BARINAS,RIEGO,2009-10-19,2010-02-22,5375.0
COLOMBIA XXI,RIEGO,2010-01-24,2010-05-30,7250.0
COLOMBIA XXI,RIEGO,2010-04-09,2010-08-13,7500.0
COLOMBIA XXI,RIEGO,2010-04-10,2010-08-14,7500.0
COLOMBIA XXI,RIEGO,2010-04-10,2010-08-14,7812.0
COLOMBIA XXI,RIEGO,2010-05-02,2010-09-05,6554.0
COLOMBIA XXI,RIEGO,2010-05-29,2010-10-02,8437.0
COLOMBIA XXI,RIEGO,2010-06-08,2010-10-12,6875.0
COLOMBIA XXI,RIEGO,2010-07-19,2010-11-22,8500.0
COLOMBIA XXI,RIEGO,2010-08-10,2010-12-14,7813.0
COLOMBIA XXI,RIEGO,2010-08-19,2010-12-23,6875.0
COLOMBIA XXI,RIEGO,2010-10-23,2011-02-26,7250.0
COLOMBIA XXI,RIEGO,2011-02-23,2011-06-29,6250.0
COLOMBIA XXI,RIEGO,2011-04-09,2011-08-13,7000.0
COLOMBIA XXI,RIEGO,2011-06-28,2011-11-01,5000.0
COLOMBIA XXI,RIEGO,2012-02-24,2012-06-29,7000.0
COLOMBIA XXI,RIEGO,2012-05-07,2012-09-10,7187.0
COPROSEM 304,RIEGO,2010-06-21,2010-10-25,6125.0
DORADA,RIEGO,2010-06-21,2010-10-25,8875.0
F2000,RIEGO,2009-10-12,2010-02-15,5000.0
F2000,RIEGO,2010-04-26,2010-08-30,7875.0
F2000,RIEGO,2011-01-14,2011-05-20,7312.5
F275,RIEGO,2009-09-18,2010-01-22,6250.0
F275,RIEGO,2009-09-25,2010-01-29,5000.0
F275,RIEGO,2009-10-07,2010-02-10,7187.0
F275,RIEGO,2009-10-17,2010-02-20,5750.0
F275,RIEGO,2009-10-23,2010-02-26,6250.0
F275,RIEGO,2009-12-17,2010-04-22,5625.0
F275,RIEGO,2010-03-20,2010-07-24,6800.0
F275,RIEGO,2010-04-21,2010-08-25,7687.0
F473,RIEGO,2010-03-22,2010-07-26,8148.0
F473,RIEGO,2010-03-22,2010-07-26,7812.0
F473,RIEGO,2010-03-24,2010-07-28,8375.0
F473,RIEGO,2010-03-26,2010-07-30,8437.0
F473,RIEGO,2011-03-18,2011-07-22,8000.0
F473,RIEGO,2011-09-19,2012-01-23,6875.0
F473,RIEGO,2012-01-01,2012-05-06,6875.0
F473,RIEGO,2012-04-21,2012-08-25,7625.0
F473,RIEGO,2012-04-25,2012-08-29,7784.0
F473,RIEGO,2012-05-17,2012-09-20,8317.0
F473,RIEGO,2012-06-04,2012-10-08,6625.0
F50,RIEGO,2009-10-10,2010-02-13,5312.0
F50,RIEGO,2010-01-09,2010-05-15,4000.0
F50,RIEGO,2010-01-22,2010-05-28,6500.0
F50,RIEGO,2010-03-06,2010-07-10,6750.0
F50,RIEGO,2010-03-14,2010-07-18,7812.0
F50,RIEGO,2010-04-21,2010-08-25,4062.0
F50,RIEGO,2010-07-14,2010-11-17,6875.0
F50,RIEGO,2010-09-08,2011-01-12,6250.0
F50,RIEGO,2012-05-26,2012-09-29,6250.0
F60,RIEGO,2009-09-10,2010-01-14,3125.0
F60,RIEGO,2009-09-23,2010-01-27,6875.0
F60,RIEGO,2009-10-12,2010-02-15,5750.0
F60,RIEGO,2009-10-22,2010-02-25,5125.0
F60,RIEGO,2009-10-28,2010-03-03,7812.0
F60,RIEGO,2009-11-30,2010-04-05,5000.0
F60,RIEGO,2010-01-11,2010-05-17,4562.0
F60,RIEGO,2010-01-16,2010-05-22,4868.0
F60,RIEGO,2010-03-15,2010-07-19,6562.0
F60,RIEGO,2010-03-16,2010-07-20,7625.0
F60,RIEGO,2010-03-18,2010-07-22,6875.0
F60,RIEGO,2010-03-26,2010-07-30,6300.0
F60,RIEGO,2010-04-15,2010-08-19,7750.0
F60,RIEGO,2010-04-19,2010-08-23,9218.0
F60,RIEGO,2010-05-02,2010-09-05,6500.0
F60,RIEGO,2010-05-25,2010-09-28,7500.0
F60,RIEGO,2010-06-11,2010-10-15,8312.0
F60,RIEGO,2010-06-28,2010-11-01,4500.0
F60,RIEGO,2011-08-16,2011-12-20,5625.0
F60,RIEGO,2012-02-09,2012-06-14,6875.0
F60,RIEGO,2012-02-09,2012-06-14,6875.0
F60,RIEGO,2012-05-30,2012-10-03,6250.0
F60 + F275,RIEGO,2009-10-07,2010-02-10,6250.0
F733,RIEGO,2009-10-24,2010-02-27,4937.0
F733,RIEGO,2010-01-27,2010-06-02,6750.0
F733,RIEGO,2010-02-12,2010-06-18,8625.0
F733,RIEGO,2010-03-06,2010-07-10,6250.0
F733,RIEGO,2010-04-03,2010-08-07,7562.0
F733,RIEGO,2010-04-07,2010-08-11,7500.0
F733,RIEGO,2010-04-11,2010-08-15,8125.0
F733,RIEGO,2010-05-07,2010-09-10,8125.0
F733,RIEGO,2010-05-29,2010-10-02,8687.0
F733,RIEGO,2010-07-07,2010-11-10,7125.0
F733,RIEGO,2010-07-12,2010-11-15,7312.0
F733,RIEGO,2010-09-16,2011-01-20,8313.0
F733,RIEGO,2010-09-21,2011-01-25,8438.0
F733,RIEGO,2010-09-23,2011-01-27,7125.0
F733,RIEGO,2010-10-15,2011-02-18,7188.0
F733,RIEGO,2010-10-15,2011-02-18,6750.0
F733,RIEGO,2010-10-18,2011-02-21,7438.0
F733,RIEGO,2010-10-30,2011-03-05,7125.0
F733,RIEGO,2011-02-19,2011-06-25,6437.5
F733,RIEGO,2011-03-06,2011-07-10,6989.0
F733,RIEGO,2011-06-01,2011-10-05,5593.75
F733,RIEGO,2011-06-16,2011-10-20,6562.5
F733,RIEGO,2011-06-25,2011-10-29,5750.0
F733,RIEGO,2011-06-28,2011-11-01,4250.0
F733,RIEGO,2011-07-05,2011-11-08,4750.0
F733,RIEGO,2011-07-28,2011-12-01,6375.0
F733,RIEGO,2011-08-16,2011-12-20,6562.0
F733,RIEGO,2011-09-06,2012-01-10,5875.0
F733,RIEGO,2011-09-06,2012-01-10,5312.5
F733,RIEGO,2011-09-16,2012-01-20,6562.5
F733,RIEGO,2011-09-16,2012-01-20,6000.0
F733,RIEGO,2011-09-21,2012-01-25,5625.0
F733,RIEGO,2011-09-22,2012-01-26,5937.0
F733,RIEGO,2011-09-22,2012-01-26,5625.0
F733,RIEGO,2011-12-11,2012-04-15,6562.5
F733,RIEGO,2011-12-14,2012-04-18,6562.0
F733,RIEGO,2011-12-20,2012-04-24,7500.0
F733,RIEGO,2012-01-05,2012-05-10,7187.5
F733,RIEGO,2012-01-20,2012-05-25,7500.0
F733,RIEGO,2012-01-27,2012-06-01,7500.0
F733,RIEGO,2012-02-15,2012-06-20,6562.0
F733,RIEGO,2012-02-24,2012-06-29,6875.0
F733,RIEGO,2012-02-24,2012-06-29,7062.5
F733,RIEGO,2012-03-05,2012-07-09,6875.0
F733,RIEGO,2012-04-23,2012-08-27,6875.0
F733,RIEGO,2012-04-23,2012-08-27,7000.0
F733,RIEGO,2012-05-09,2012-09-12,6562.0
F733,RIEGO,2012-05-17,2012-09-20,8125.0
F733,RIEGO,2012-05-27,2012-09-30,7500.0
F733,RIEGO,2012-06-06,2012-10-10,4700.0
F733,RIEGO,2012-07-09,2012-11-12,5625.0
F733,RIEGO,2012-07-10,2012-11-13,6875.0
FORTALEZA,RIEGO,2010-04-16,2010-08-20,8437.0
FORTALEZA,RIEGO,2011-09-15,2012-01-19,5437.5
LAGUNAS,RIEGO,2010-09-14,2011-01-18,7250.0
LAGUNAS,RIEGO,2010-10-15,2011-02-18,5625.0
LAGUNAS,RIEGO,2011-04-05,2011-08-09,5555.0
LAGUNAS,RIEGO,2011-04-06,2011-08-10,6053.0
LAGUNAS,RIEGO,2011-04-12,2011-08-16,8625.0
LAGUNAS,RIEGO,2011-04-12,2011-08-16,5750.0
LAGUNAS,RIEGO,2011-04-18,2011-08-22,5862.0
LAGUNAS,RIEGO,2011-04-20,2011-08-24,7375.0
LAGUNAS,RIEGO,2011-04-22,2011-08-26,6266.0
LAGUNAS,RIEGO,2011-06-10,2011-10-14,6500.0
LAGUNAS,RIEGO,2011-06-22,2011-10-26,5687.5
LAGUNAS,RIEGO,2011-07-14,2011-11-17,7000.0
LAGUNAS,RIEGO,2011-07-16,2011-11-19,5562.5
LAGUNAS,RIEGO,2011-07-21,2011-11-24,5000.0
LAGUNAS,RIEGO,2011-07-26,2011-11-29,5625.0
LAGUNAS,RIEGO,2011-07-28,2011-12-01,6937.5
LAGUNAS,RIEGO,2011-08-02,2011-12-06,5375.0
LAGUNAS,RIEGO,2011-08-04,2011-12-08,7312.5
LAGUNAS,RIEGO,2011-08-07,2011-12-11,4437.5
LAGUNAS,RIEGO,2011-08-09,2011-12-13,5812.5
LAGUNAS,RIEGO,2011-09-01,2012-01-05,4687.5
LAGUNAS,RIEGO,2011-09-06,2012-01-10,5625.0
LAGUNAS,RIEGO,2011-09-08,2012-01-12,7041.6
LAGUNAS,RIEGO,2011-09-08,2012-01-12,5312.0
LAGUNAS,RIEGO,2011-09-16,2012-01-20,5375.0
LAGUNAS,RIEGO,2011-09-19,2012-01-23,5043.5
LAGUNAS,RIEGO,2011-09-22,2012-01-26,5812.5
LAGUNAS,RIEGO,2011-11-10,2012-03-15,5750.0
LAGUNAS,RIEGO,2011-11-10,2012-03-15,7125.0
LAGUNAS,RIEGO,2011-12-29,2012-05-03,6562.5
LAGUNAS,RIEGO,2011-12-31,2012-05-05,6875.0
LAGUNAS,RIEGO,2012-01-05,2012-05-10,6287.0
LAGUNAS,RIEGO,2012-01-25,2012-05-30,6875.0
LAGUNAS,RIEGO,2012-02-02,2012-06-07,6875.0
LAGUNAS,RIEGO,2012-02-03,2012-06-08,6250.0
LAGUNAS,RIEGO,2012-02-07,2012-06-12,6229.0
LAGUNAS,RIEGO,2012-02-10,2012-06-15,6562.5
LAGUNAS,RIEGO,2012-02-10,2012-06-15,5169.0
LAGUNAS,RIEGO,2012-02-17,2012-06-22,6148.0
LAGUNAS,RIEGO,2012-02-17,2012-06-22,6562.0
LAGUNAS,RIEGO,2012-02-18,2012-06-23,5312.5
LAGUNAS,RIEGO,2012-02-29,2012-07-04,6981.0
LAGUNAS,RIEGO,2012-03-02,2012-07-06,5750.0
LAGUNAS,RIEGO,2012-03-22,2012-07-26,6250.0
LAGUNAS,RIEGO,2012-03-27,2012-07-31,6562.5
LAGUNAS,RIEGO,2012-03-28,2012-08-01,6875.0
LAGUNAS,RIEGO,2012-04-02,2012-08-06,5000.0
LAGUNAS,RIEGO,2012-04-05,2012-08-09,5625.0
LAGUNAS,RIEGO,2012-05-03,2012-09-06,6875.0
LAGUNAS,RIEGO,2012-05-07,2012-09-10,6250.0
LAGUNAS,RIEGO,2012-05-22,2012-09-25,5625.0
LAGUNAS,RIEGO,2012-06-01,2012-10-05,5515.0
LAGUNAS,RIEGO,2012-06-06,2012-10-10,5250.0
LAGUNAS,RIEGO,2012-07-02,2012-11-05,5000.0
LAGUNAS,RIEGO,2012-07-10,2012-11-13,6562.0
LAGUNAS,RIEGO,2012-07-10,2012-11-13,6125.0
LAGUNAS,RIEGO,2012-07-12,2012-11-15,6250.0
MOCARI,RIEGO,2009-08-31,2010-01-04,6250.0
MOCARI,RIEGO,2009-10-09,2010-02-12,4125.0
MOCARI,RIEGO,2009-10-14,2010-02-17,6750.0
MOCARI,RIEGO,2009-10-15,2010-02-18,7375.0
MOCARI,RIEGO,2009-11-09,2010-03-15,7625.0
MOCARI,RIEGO,2010-03-06,2010-07-10,7812.0
MOCARI,RIEGO,2010-03-13,2010-07-17,8250.0
MOCARI,RIEGO,2010-03-21,2010-07-25,6875.0
MOCARI,RIEGO,2010-04-14,2010-08-18,5875.0
MOCARI,RIEGO,2010-09-19,2011-01-23,5550.0
MOCARI,RIEGO,2011-12-06,2012-04-10,7187.5
ONLY RICE 228,RIEGO,2009-09-01,2010-01-05,5843.0
ONLY RICE 228,RIEGO,2009-09-21,2010-01-25,5625.0
ONLY RICE 228,RIEGO,2009-10-13,2010-02-16,6562.0
ONLY RICE 228,RIEGO,2009-10-14,2010-02-17,5375.0
ONLY RICE 228,RIEGO,2009-10-17,2010-02-20,5625.0
ONLY RICE 228,RIEGO,2009-10-19,2010-02-22,4062.0
ONLY RICE 228,RIEGO,2009-10-22,2010-02-25,5687.0
ONLY RICE 228,RIEGO,2009-10-24,2010-02-27,4750.0
ONLY RICE 228,RIEGO,2009-12-03,2010-04-08,4375.0
ONLY RICE 228,RIEGO,2009-12-07,2010-04-12,3437.0
ONLY RICE 228,RIEGO,2009-12-11,2010-04-16,3875.0
ONLY RICE 228,RIEGO,2010-01-04,2010-05-10,5000.0
ONLY RICE 228,RIEGO,2010-01-07,2010-05-13,5625.0
ONLY RICE 228,RIEGO,2010-01-09,2010-05-15,4562.5
ONLY RICE 228,RIEGO,2010-01-15,2010-05-21,3925.0
ONLY RICE 228,RIEGO,2010-01-19,2010-05-25,6500.0
ONLY RICE 228,RIEGO,2010-02-03,2010-06-09,7500.0
ONLY RICE 228,RIEGO,2010-02-04,2010-06-10,4375.0
ONLY RICE 228,RIEGO,2010-02-09,2010-06-15,4375.0
ONLY RICE 228,RIEGO,2010-03-14,2010-07-18,4187.0
ONLY RICE 228,RIEGO,2010-03-18,2010-07-22,5625.0
ONLY RICE 228,RIEGO,2011-09-06,2012-01-10,5062.5
ORYZICA 1,RIEGO,2012-03-28,2012-08-01,7125.0
ORYZICA 1,RIEGO,2012-03-29,2012-08-02,6428.0
PANORAMA ,RIEGO,2009-09-10,2010-01-14,3000.0
PANORAMA ,RIEGO,2010-08-18,2010-12-22,6305.0
PANORAMA ,RIEGO,2010-08-24,2010-12-28,10125.0
PANORAMA ,RIEGO,2011-01-27,2011-06-02,6250.0
PANORAMA ,RIEGO,2011-02-21,2011-06-27,6250.0
PANORAMA ,RIEGO,2012-05-05,2012-09-08,6218.0
PANORAMA ,RIEGO,2012-05-09,2012-09-12,6250.0
SAN JUAN,RIEGO,2009-10-01,2010-02-04,5000.0
SAN JUAN,RIEGO,2009-10-01,2010-02-04,6250.0
SAN JUAN,RIEGO,2010-04-27,2010-08-31,6562.0
SAN JUAN,RIEGO,2010-04-27,2010-08-31,6125.0
SAN JUAN,RIEGO,2010-06-21,2010-10-25,8250.0
VENEZUELA 21,RIEGO,2010-08-08,2010-12-12,8563.0
YAGUARA,RIEGO,2011-01-28,2011-06-03,6562.5
YUMA,RIEGO,2012-07-12,2012-11-15,4375.0
CIMARRON BARINAS,RIEGO,2009-04-04,2009-08-08,6562.0
CIMARRON BARINAS,RIEGO,2009-05-07,2009-09-10,6214.0
CIMARRON BARINAS,RIEGO,2009-05-02,2009-09-05,6260.0
CIMARRON BARINAS,RIEGO,2009-04-10,2009-08-14,6875.0
CIMARRON BARINAS,RIEGO,2008-03-28,2008-08-01,7500.0
CIMARRON BARINAS,RIEGO,2008-05-02,2008-09-05,8437.0
CIMARRON BARINAS,RIEGO,2008-03-01,2008-07-05,9060.0
CIMARRON BARINAS,RIEGO,2008-04-21,2008-08-25,8333.0
CIMARRON BARINAS,RIEGO,2008-03-01,2008-07-05,8477.0
CIMARRON BARINAS,RIEGO,2009-05-29,2009-10-02,6875.0
CIMARRON BARINAS,RIEGO,2008-04-14,2008-08-18,8125.0
CIMARRON BARINAS,RIEGO,2008-04-28,2008-09-01,6900.0
CIMARRON BARINAS,RIEGO,2009-06-22,2009-10-26,4687.5
CIMARRON BARINAS,RIEGO,2008-04-15,2008-08-19,8375.0
CIMARRON BARINAS,RIEGO,2009-05-22,2009-09-25,8190.0
CIMARRON BARINAS,RIEGO,2009-01-16,2009-05-22,7375.0
CIMARRON BARINAS,RIEGO,2008-04-18,2008-08-22,8750.0
CIMARRON BARINAS,RIEGO,2009-05-27,2009-09-30,5547.0
CIMARRON BARINAS,RIEGO,2009-07-09,2009-11-12,4375.0
CIMARRON BARINAS,RIEGO,2008-03-23,2008-07-27,8125.0
CIMARRON BARINAS,RIEGO,2009-04-06,2009-08-10,8750.0
CIMARRON BARINAS,RIEGO,2009-04-23,2009-08-27,7562.0
CIMARRON BARINAS,RIEGO,2009-04-08,2009-08-12,6875.0
CIMARRON BARINAS,RIEGO,2009-03-02,2009-07-06,6100.0
CIMARRON BARINAS,RIEGO,2009-04-28,2009-09-01,8125.0
CIMARRON BARINAS,RIEGO,2008-04-04,2008-08-08,8750.0
CIMARRON BARINAS,RIEGO,2008-04-21,2008-08-25,8750.0
CIMARRON BARINAS,RIEGO,2009-05-19,2009-09-22,6000.0
CIMARRON BARINAS,RIEGO,2009-01-06,2009-05-12,9437.0
CIMARRON BARINAS,RIEGO,2008-05-28,2008-10-01,8250.0
COLOMBIA XXI,RIEGO,2010-05-12,2010-09-15,6875.0
COLOMBIA XXI,RIEGO,2012-02-24,2012-06-29,7000.0
COLOMBIA XXI,RIEGO,2011-07-22,2011-11-25,7500.0
COLOMBIA XXI,RIEGO,2009-04-06,2009-08-10,7500.0
COLOMBIA XXI,RIEGO,2009-04-06,2009-08-10,6875.0
COLOMBIA XXI,RIEGO,2010-07-20,2010-11-23,6250.0
COLOMBIA XXI,RIEGO,2010-07-19,2010-11-22,8500.0
COLOMBIA XXI,RIEGO,2009-03-27,2009-07-31,5812.0
COLOMBIA XXI,RIEGO,2009-04-01,2009-08-05,5375.0
COPROSEM 304,RIEGO,2008-02-20,2008-06-25,6800.0
COPROSEM 304,RIEGO,2009-04-23,2009-08-27,5937.0
COPROSEM 304,RIEGO,2008-04-11,2008-08-15,7937.0
COPROSEM 304,RIEGO,2008-02-15,2008-06-20,10000.0
COPROSEM 304,RIEGO,2008-02-23,2008-06-28,6300.0
COPROSEM 304,RIEGO,2009-04-30,2009-09-03,8187.0
COPROSEM 304,RIEGO,2008-05-22,2008-09-25,7500.0
F2000,RIEGO,2009-05-02,2009-09-05,7000.0
F2000,RIEGO,2008-04-11,2008-08-15,7000.0
F275,RIEGO,2008-05-02,2008-09-05,7000.0
F275,RIEGO,2008-04-11,2008-08-15,8500.0
F275,RIEGO,2009-03-05,2009-07-09,6250.0
F275,RIEGO,2010-05-15,2010-09-18,7312.0
F275,RIEGO,2008-05-02,2008-09-05,9062.0
F275,RIEGO,2008-03-11,2008-07-15,8375.0
F275,RIEGO,2009-04-11,2009-08-15,7250.0
F275,RIEGO,2009-04-17,2009-08-21,7812.0
F275,RIEGO,2009-06-27,2009-10-31,5250.0
F275,RIEGO,2008-04-16,2008-08-20,8220.0
F275,RIEGO,2008-03-06,2008-07-10,8437.0
F369 + F473,RIEGO,2008-06-01,2008-10-05,6875.0
F473,RIEGO,2009-07-01,2009-11-04,9000.0
F473,RIEGO,2009-04-08,2009-08-12,7250.0
F50,RIEGO,2009-02-11,2009-06-17,7812.0
F50,RIEGO,2008-01-10,2008-05-15,6750.0
F50,RIEGO,2008-04-22,2008-08-26,9375.0
F60,RIEGO,2008-04-11,2008-08-15,9207.0
F60,RIEGO,2009-03-18,2009-07-22,7375.0
F60,RIEGO,2008-05-02,2008-09-05,8437.0
F60,RIEGO,2009-07-17,2009-11-20,6250.0
F60,RIEGO,2009-02-04,2009-06-10,7200.0
F60,RIEGO,2010-05-25,2010-09-28,8125.0
F60,RIEGO,2008-05-07,2008-09-10,8125.0
F60,RIEGO,2008-04-15,2008-08-19,6500.0
F60,RIEGO,2008-06-11,2008-10-15,8125.0
F60,RIEGO,2008-02-20,2008-06-25,7312.0
F60,RIEGO,2008-03-21,2008-07-25,7630.0
F60,RIEGO,2008-04-03,2008-08-07,9083.0
F60,RIEGO,2011-07-04,2011-11-07,6875.0
F60,RIEGO,2010-05-06,2010-09-09,7500.0
F733,RIEGO,2011-06-06,2011-10-10,5625.0
F733,RIEGO,2011-07-20,2011-11-23,6400.0
F733,RIEGO,2011-07-15,2011-11-18,7375.0
F733,RIEGO,2011-06-06,2011-10-10,6875.0
F733,RIEGO,2012-02-24,2012-06-29,6875.0
F733,RIEGO,2012-02-24,2012-06-29,7062.5
F733,RIEGO,2011-06-01,2011-10-05,6250.0
F733,RIEGO,2011-07-08,2011-11-11,6562.0
F733,RIEGO,2012-03-05,2012-07-09,6875.0
F733,RIEGO,2011-05-30,2011-10-03,8500.0
F733,RIEGO,2011-06-21,2011-10-25,6218.0
F733,RIEGO,2011-07-01,2011-11-04,6300.0
F733,RIEGO,2011-07-01,2011-11-04,6250.0
F733,RIEGO,2011-07-23,2011-11-26,7717.0
F733,RIEGO,2011-07-22,2011-11-25,7631.0
F733,RIEGO,2011-07-22,2011-11-25,7916.0
F733,RIEGO,2010-04-22,2010-08-26,7187.5
F733,RIEGO,2011-05-31,2011-10-04,8083.0
F733,RIEGO,2010-01-09,2010-05-15,6200.0
F733,RIEGO,2010-02-24,2010-06-30,6500.0
F733,RIEGO,2008-06-21,2008-10-25,8520.0
F733,RIEGO,2010-07-07,2010-11-10,7125.0
FORTALEZA,RIEGO,2008-02-10,2008-06-15,6875.0
FORTALEZA,RIEGO,2008-02-20,2008-06-25,7875.0
FORTALEZA,RIEGO,2008-03-06,2008-07-10,7625.0
Fortaleza + Pastrana,RIEGO,2008-04-06,2008-08-10,9200.0
LAGUNAS,RIEGO,2011-01-15,2011-05-21,7062.5
LAGUNAS,RIEGO,2011-01-30,2011-06-05,6250.0
LAGUNAS,RIEGO,2008-03-24,2008-07-28,6750.0
LAGUNAS,RIEGO,2011-01-27,2011-06-02,5937.5
LAGUNAS,RIEGO,2011-02-01,2011-06-07,5750.0
LAGUNAS,RIEGO,2011-01-21,2011-05-27,6250.0
LAGUNAS,RIEGO,2011-12-23,2012-04-27,5625.0
LAGUNAS,RIEGO,2011-02-01,2011-06-07,4687.5
LAGUNAS,RIEGO,2012-02-17,2012-06-22,6148.0
LAGUNAS,RIEGO,2012-02-29,2012-07-04,6981.0
LAGUNAS,RIEGO,2012-03-02,2012-07-06,5750.0
LAGUNAS,RIEGO,2012-02-17,2012-06-22,6562.0
LAGUNAS,RIEGO,2011-02-03,2011-06-09,6500.0
LAGUNAS,RIEGO,2011-01-22,2011-05-28,6750.0
LAGUNAS,RIEGO,2008-03-21,2008-07-25,5375.0
LAGUNAS,RIEGO,2011-01-31,2011-06-06,6875.0
LAGUNAS,RIEGO,2011-01-27,2011-06-02,5750.0
LAGUNAS,RIEGO,2011-07-11,2011-11-14,7375.0
LAGUNAS,RIEGO,2011-07-22,2011-11-25,6125.0
LAGUNAS,RIEGO,2012-02-18,2012-06-23,5312.5
LAGUNAS,RIEGO,2012-03-28,2012-08-01,6875.0
LAGUNAS,RIEGO,2011-02-04,2011-06-10,8000.0
LAGUNAS,RIEGO,2011-01-23,2011-05-29,5625.0
LAGUNAS,RIEGO,2011-02-03,2011-06-09,8250.0
LAGUNAS,RIEGO,2011-01-20,2011-05-26,6875.0
LAGUNAS,RIEGO,2012-03-27,2012-07-31,6562.5
LAGUNAS,RIEGO,2012-03-22,2012-07-26,6250.0
LAGUNAS,RIEGO,2012-04-02,2012-08-06,5000.0
LAGUNAS,RIEGO,2011-07-07,2011-11-10,5625.0
LAGUNAS,RIEGO,2012-04-05,2012-08-09,5625.0
LAGUNAS,RIEGO,2011-01-18,2011-05-24,6875.0
LAGUNAS,RIEGO,2007-09-29,2008-02-02,7125.0
MOCARI,RIEGO,2011-02-26,2011-07-02,5562.0
MOCARI,RIEGO,2011-03-14,2011-07-18,4815.0
MOCARI,RIEGO,2011-03-05,2011-07-09,4300.0
MOCARI,RIEGO,2011-02-28,2011-07-04,5125.0
ONLY RICE 228,RIEGO,2009-04-14,2009-08-18,6875.0
ONLY RICE 228,RIEGO,2009-05-12,2009-09-15,7500.0
ONLY RICE 228,RIEGO,2009-05-25,2009-09-28,6250.0
ONLY RICE 228,RIEGO,2009-06-18,2009-10-22,7437.0
ONLY RICE 228,RIEGO,2009-06-01,2009-10-05,7187.0
ONLY RICE 228,RIEGO,2010-05-12,2010-09-15,6923.0
ONLY RICE 228,RIEGO,2009-12-19,2010-04-24,5600.0
ORYZICA 1,RIEGO,2012-03-28,2012-08-01,7125.0
ORYZICA 1,RIEGO,2012-03-29,2012-08-02,6428.0
PANORAMA ,RIEGO,2009-06-30,2009-11-03,5625.0
PANORAMA ,RIEGO,2010-05-17,2010-09-20,7500.0
CIMARRON BARINAS,RIEGO,2013-05-20,2013-09-23,7750.0
F473,RIEGO,2012-12-10,2013-04-15,6875.0
F473,RIEGO,2013-03-28,2013-08-01,7875.0
F473,RIEGO,2013-04-01,2013-08-05,6625.0
F473,RIEGO,2013-04-04,2013-08-08,7000.0
F473,RIEGO,2013-04-06,2013-08-10,5250.0
F473,RIEGO,2013-04-19,2013-08-23,8250.0
F473,RIEGO,2013-05-07,2013-09-10,6500.0
F473,RIEGO,2013-05-11,2013-09-14,4438.0
F473,RIEGO,2013-06-06,2013-10-10,4567.0
F473,RIEGO,2013-07-15,2013-11-18,6875.0
F473,RIEGO,2013-08-12,2013-12-16,4187.0
F60,RIEGO,2013-05-17,2013-09-20,6625.0
F60,RIEGO,2013-05-17,2013-09-20,6250.0
F60,RIEGO,2013-05-21,2013-09-24,7313.0
F60,RIEGO,2013-07-10,2013-11-13,5625.0
F733,RIEGO,2013-05-13,2013-09-16,7500.0
F733,RIEGO,2013-05-17,2013-09-20,6875.0
F733,RIEGO,2013-05-19,2013-09-22,6688.0
F733,RIEGO,2013-05-20,2013-09-23,6500.0
F733,RIEGO,2013-05-21,2013-09-24,5750.0
F733,RIEGO,2013-06-14,2013-10-18,5178.0
F733,RIEGO,2013-08-05,2013-12-09,5729.0
LAGUNAS,RIEGO,2013-05-11,2013-09-14,4750.0
LAGUNAS,RIEGO,2013-06-08,2013-10-12,6875.0
LAGUNAS,RIEGO,2013-06-11,2013-10-15,5937.0
LAGUNAS,RIEGO,2013-07-02,2013-11-05,6875.0
LAGUNAS,RIEGO,2013-07-02,2013-11-05,5000.0
LAGUNAS,RIEGO,2013-07-02,2013-11-05,6250.0
LAGUNAS,RIEGO,2013-08-05,2013-12-09,3437.0
LAGUNAS,RIEGO,2013-08-19,2013-12-23,6250.0
ORYZICA 1,RIEGO,2013-04-06,2013-08-10,5625.0
ORYZICA 1,RIEGO,2013-05-17,2013-09-20,5375.0
PANORAMA ,RIEGO,2013-03-10,2013-07-14,6500.0
TAILANDIA ORO,RIEGO,2013-05-07,2013-09-10,8000.0
VENEZUELA 21,RIEGO,2013-07-03,2013-11-06,6875.0
VENEZUELA 21,RIEGO,2013-07-07,2013-11-10,5000.0
VENEZUELA 21,RIEGO,2013-07-17,2013-11-20,5625.0
VENEZUELA 21,RIEGO,2013-08-26,2013-12-30,5094.0
YAGUARA,RIEGO,2013-08-13,2013-12-17,5625.0
YAGUARA,RIEGO,2013-08-19,2013-12-23,6875.0
COLOMBIA XXI,RIEGO,2013-01-08,2013-05-14,5750.0
COLOMBIA XXI,RIEGO,2013-05-08,2013-09-11,7562.0
COLOMBIA XXI,RIEGO,2013-03-06,2013-07-10,4687.0
F473,RIEGO,2013-05-01,2013-09-04,5937.0
F473,RIEGO,2012-12-17,2013-04-22,4687.0
F473,RIEGO,2013-02-13,2013-06-19,5000.0
F473,RIEGO,2013-01-28,2013-06-03,4062.0
F473,RIEGO,2012-12-17,2013-04-22,4125.0
F473,RIEGO,2013-03-06,2013-07-10,3562.0
F473,RIEGO,2012-10-30,2013-03-05,6000.0
F473,RIEGO,2012-11-13,2013-03-19,5550.0
F473,RIEGO,2012-11-14,2013-03-20,7250.0
F473,RIEGO,2013-01-01,2013-05-07,5937.0
F473,RIEGO,2012-09-19,2013-01-23,6250.0
F473,RIEGO,2012-10-19,2013-02-22,6000.0
F473,RIEGO,2012-12-11,2013-04-16,5203.0
F473,RIEGO,2012-12-05,2013-04-10,5625.0
F473,RIEGO,2013-04-18,2013-08-22,7125.0
F473,RIEGO,2012-10-16,2013-02-19,5937.0
F473,RIEGO,2012-12-03,2013-04-08,5000.0
F473,RIEGO,2013-04-03,2013-08-07,6750.0
F60,RIEGO,2012-12-18,2013-04-23,6852.0
F60,RIEGO,2013-03-26,2013-07-30,5000.0
F733,RIEGO,2013-04-24,2013-08-28,6750.0
F733,RIEGO,2012-11-04,2013-03-10,4187.0
F733,RIEGO,2012-11-12,2013-03-18,7187.0
F733,RIEGO,2013-05-20,2013-09-23,6250.0
F733,RIEGO,2012-12-04,2013-04-09,6500.0
F733,RIEGO,2013-05-21,2013-09-24,7333.0
F733,RIEGO,2013-04-22,2013-08-26,6500.0
F733,RIEGO,2012-09-19,2013-01-23,5625.0
F733,RIEGO,2013-02-19,2013-06-25,7187.0
F733,RIEGO,2013-03-02,2013-07-06,8125.0
F733,RIEGO,2013-04-18,2013-08-22,6437.0
LAGUNAS,RIEGO,2013-01-11,2013-05-17,6375.0
LAGUNAS,RIEGO,2013-01-29,2013-06-04,3125.0
LAGUNAS,RIEGO,2013-01-07,2013-05-13,5000.0
LAGUNAS,RIEGO,2013-01-30,2013-06-05,5375.0
LAGUNAS,RIEGO,2013-03-13,2013-07-17,6562.0
LAGUNAS,RIEGO,2013-01-22,2013-05-28,4875.0
LAGUNAS,RIEGO,2013-05-10,2013-09-13,6750.0
LAGUNAS,RIEGO,2013-01-03,2013-05-09,6562.0
LAGUNAS,RIEGO,2012-12-17,2013-04-22,6500.0
MOCARI,RIEGO,2013-04-21,2013-08-25,6500.0
MOCARI,RIEGO,2013-05-02,2013-09-05,6187.0
TAILANDIA ORO,RIEGO,2013-04-01,2013-08-05,6250.0
TAILANDIA ORO,RIEGO,2013-04-30,2013-09-03,7562.0
TAILANDIA ORO,RIEGO,2013-05-17,2013-09-20,7187.0
VENEZUELA 21,RIEGO,2013-04-19,2013-08-23,6562.0
VENEZUELA 21,RIEGO,2013-04-17,2013-08-21,6062.0
YAGUARA,RIEGO,2013-02-13,2013-06-19,6875.0
YAGUARA,RIEGO,2013-05-21,2013-09-24,6791.0
