P_ACCUM,P_10_FREQ,TM_AVG,TX_AVG,TX_30_FREQ,RH_AVG,SR_ACCUM,Yield,Variety
427.3,0.10476190476190476,22.611428571428558,32.17692023111304,0.9047619047619048,75.89741038361718,43255.9932,5812.5,COPROSEM 2
855.9200000000003,0.16666666666666666,23.363749176851677,32.836319240871894,0.8684210526315791,79.5275905688133,47644.81548620871,9534.692442,F2000
855.9200000000003,0.16666666666666666,23.363749176851677,32.836319240871894,0.8684210526315791,79.5275905688133,47644.81548620871,5824.830233,F2000
855.9200000000003,0.16666666666666666,23.363749176851677,32.836319240871894,0.8684210526315791,79.5275905688133,47644.81548620871,8501.274419,F2000
855.9200000000003,0.16666666666666666,23.363749176851677,32.836319240871894,0.8684210526315791,79.5275905688133,47644.81548620871,5832.235465,F60
855.9200000000003,0.16666666666666666,23.363749176851677,32.836319240871894,0.8684210526315791,79.5275905688133,47644.81548620871,3733.625581,F60
855.9200000000003,0.16666666666666666,23.363749176851677,32.836319240871894,0.8684210526315791,79.5275905688133,47644.81548620871,5931.218605,F60
855.9200000000003,0.16666666666666666,23.363749176851677,32.836319240871894,0.8684210526315791,79.5275905688133,47644.81548620871,5561.559302000002,F733
855.9200000000003,0.16666666666666666,23.363749176851677,32.836319240871894,0.8684210526315791,79.5275905688133,47644.81548620871,5968.779070000001,F733
855.9200000000003,0.16666666666666666,23.363749176851677,32.836319240871894,0.8684210526315791,79.5275905688133,47644.81548620871,7851.716859999998,F733
667.9000000000002,0.14655172413793102,22.620487077480178,31.911247904948073,0.8448275862068966,78.10767864104571,42024.2628,7687.5,F50
165.59999999999997,0.0423728813559322,23.211864406779657,33.41694915254237,0.8898305084745762,71.55618644067796,49526.24616109673,5000.0,ONLY RICE 228
876.35,0.1694915254237288,23.363283103060088,32.78169824965591,0.8644067796610171,79.73529936309083,49229.25348620871,4975.348837,F50
876.35,0.1694915254237288,23.363283103060088,32.78169824965591,0.8644067796610171,79.73529936309083,49229.25348620871,5240.723837,F50
876.35,0.1694915254237288,23.363283103060088,32.78169824965591,0.8644067796610171,79.73529936309083,49229.25348620871,4889.000581,F50
460.8,0.13333333333333333,22.95499999999999,32.21833333333333,0.85,79.45941666666663,48104.8272,5000.0,LAGUNAS
276.0,0.06666666666666668,23.32416666666667,32.8525,0.8583333333333333,76.49133333333334,49307.329812081065,4721.952907,F2000
276.0,0.06666666666666668,23.32416666666667,32.8525,0.8583333333333333,76.49133333333334,49307.329812081065,4982.787209,F2000
276.0,0.06666666666666668,23.32416666666667,32.8525,0.8583333333333333,76.49133333333334,49307.329812081065,4248.836628,F2000
276.0,0.06666666666666668,23.32416666666667,32.8525,0.8583333333333333,76.49133333333334,49307.329812081065,4284.686919,F2000
955.51,0.19166666666666668,23.11265614515571,32.371282227437035,0.8166666666666667,81.24988032296397,50242.75109207448,4126.227907,F2000
955.51,0.19166666666666668,23.11265614515571,32.371282227437035,0.8166666666666667,81.24988032296397,50242.75109207448,6524.069767,F2000
955.51,0.19166666666666668,23.11265614515571,32.371282227437035,0.8166666666666667,81.24988032296397,50242.75109207448,5686.360465,F2000
955.51,0.19166666666666668,23.11265614515571,32.371282227437035,0.8166666666666667,81.24988032296397,50242.75109207448,5607.209302,F2000
1088.71,0.18333333333333326,23.023333333333344,32.64583333333333,0.8416666666666667,79.39358333333331,51229.5252,6974.767442,F2000
1088.71,0.18333333333333326,23.023333333333344,32.64583333333333,0.8416666666666667,79.39358333333331,51229.5252,4884.2223840000015,F2000
1088.71,0.18333333333333326,23.023333333333344,32.64583333333333,0.8416666666666667,79.39358333333331,51229.5252,6972.878634000002,F2000
1088.71,0.18333333333333326,23.023333333333344,32.64583333333333,0.8416666666666667,79.39358333333331,51229.5252,5005.638081,F2000
955.51,0.19166666666666668,23.11265614515571,32.371282227437035,0.8166666666666667,81.24988032296397,50242.75109207448,5033.763081,F60
955.51,0.19166666666666668,23.11265614515571,32.371282227437035,0.8166666666666667,81.24988032296397,50242.75109207448,4774.491279,F60
955.51,0.19166666666666668,23.11265614515571,32.371282227437035,0.8166666666666667,81.24988032296397,50242.75109207448,4781.662791,F60
955.51,0.19166666666666668,23.11265614515571,32.371282227437035,0.8166666666666667,81.24988032296397,50242.75109207448,3899.590698,F60
1088.71,0.18333333333333326,23.023333333333344,32.64583333333333,0.8416666666666667,79.39358333333331,51229.5252,5582.430959,F60
1088.71,0.18333333333333326,23.023333333333344,32.64583333333333,0.8416666666666667,79.39358333333331,51229.5252,5080.338663,F60
1088.71,0.18333333333333326,23.023333333333344,32.64583333333333,0.8416666666666667,79.39358333333331,51229.5252,4703.7375,F60
1088.71,0.18333333333333326,23.023333333333344,32.64583333333333,0.8416666666666667,79.39358333333331,51229.5252,5384.381686,F60
276.0,0.06666666666666668,23.32416666666667,32.8525,0.8583333333333333,76.49133333333334,49307.329812081065,5230.0944770000015,F733
276.0,0.06666666666666668,23.32416666666667,32.8525,0.8583333333333333,76.49133333333334,49307.329812081065,6672.293022999997,F733
276.0,0.06666666666666668,23.32416666666667,32.8525,0.8583333333333333,76.49133333333334,49307.329812081065,5130.824419,F733
276.0,0.06666666666666668,23.32416666666667,32.8525,0.8583333333333333,76.49133333333334,49307.329812081065,4879.350872,F733
955.51,0.19166666666666668,23.11265614515571,32.371282227437035,0.8166666666666667,81.24988032296397,50242.75109207448,5881.023256,F733
955.51,0.19166666666666668,23.11265614515571,32.371282227437035,0.8166666666666667,81.24988032296397,50242.75109207448,4966.511628,F733
955.51,0.19166666666666668,23.11265614515571,32.371282227437035,0.8166666666666667,81.24988032296397,50242.75109207448,4762.299419,F733
955.51,0.19166666666666668,23.11265614515571,32.371282227437035,0.8166666666666667,81.24988032296397,50242.75109207448,4326.63314,F733
1088.71,0.18333333333333326,23.023333333333344,32.64583333333333,0.8416666666666667,79.39358333333331,51229.5252,5711.444477,F733
1088.71,0.18333333333333326,23.023333333333344,32.64583333333333,0.8416666666666667,79.39358333333331,51229.5252,7838.088372,F733
1088.71,0.18333333333333326,23.023333333333344,32.64583333333333,0.8416666666666667,79.39358333333331,51229.5252,5503.096512,F733
1088.71,0.18333333333333326,23.023333333333344,32.64583333333333,0.8416666666666667,79.39358333333331,51229.5252,6382.953488,F733
432.34,0.09090909090909093,23.17328434843877,32.81847504365393,0.8760330578512396,78.82095309789025,47829.017612906886,4348.386628,F2000
432.34,0.09090909090909093,23.17328434843877,32.81847504365393,0.8760330578512396,78.82095309789025,47829.017612906886,4696.002907,F2000
432.34,0.09090909090909093,23.17328434843877,32.81847504365393,0.8760330578512396,78.82095309789025,47829.017612906886,3890.697674,F2000
432.34,0.09090909090909093,23.17328434843877,32.81847504365393,0.8760330578512396,78.82095309789025,47829.017612906886,3886.627907,F2000
432.34,0.09090909090909093,23.17328434843877,32.81847504365393,0.8760330578512396,78.82095309789025,47829.017612906886,4149.493605,F60
432.34,0.09090909090909093,23.17328434843877,32.81847504365393,0.8760330578512396,78.82095309789025,47829.017612906886,4092.587209,F60
432.34,0.09090909090909093,23.17328434843877,32.81847504365393,0.8760330578512396,78.82095309789025,47829.017612906886,4108.72093,F60
432.34,0.09090909090909093,23.17328434843877,32.81847504365393,0.8760330578512396,78.82095309789025,47829.017612906886,4987.2819770000015,F60
432.34,0.09090909090909093,23.17328434843877,32.81847504365393,0.8760330578512396,78.82095309789025,47829.017612906886,4937.042151,F733
432.34,0.09090909090909093,23.17328434843877,32.81847504365393,0.8760330578512396,78.82095309789025,47829.017612906886,4309.273256,F733
432.34,0.09090909090909093,23.17328434843877,32.81847504365393,0.8760330578512396,78.82095309789025,47829.017612906886,4292.267442,F733
432.34,0.09090909090909093,23.17328434843877,32.81847504365393,0.8760330578512396,78.82095309789025,47829.017612906886,4724.418605,F733
675.1,0.14634146341463414,22.61342396433195,32.28183626187373,0.8943089430894309,76.35051919189304,50532.7068,8500.0,F369
1150.83,0.1951219512195122,23.06527732985358,32.304728483834985,0.8048780487804879,81.5845260580668,52152.08644640857,7979.796512000001,F2000
1150.83,0.1951219512195122,23.06527732985358,32.304728483834985,0.8048780487804879,81.5845260580668,52152.08644640857,5030.875581,F2000
1150.83,0.1951219512195122,23.06527732985358,32.304728483834985,0.8048780487804879,81.5845260580668,52152.08644640857,4223.665115999999,F2000
1150.83,0.1951219512195122,23.06527732985358,32.304728483834985,0.8048780487804879,81.5845260580668,52152.08644640857,4405.116279,F2000
1150.83,0.1951219512195122,23.06527732985358,32.304728483834985,0.8048780487804879,81.5845260580668,52152.08644640857,5342.0930229999985,F60
1150.83,0.1951219512195122,23.06527732985358,32.304728483834985,0.8048780487804879,81.5845260580668,52152.08644640857,8424.017442,F60
1150.83,0.1951219512195122,23.06527732985358,32.304728483834985,0.8048780487804879,81.5845260580668,52152.08644640857,7907.547093000001,F60
1150.83,0.1951219512195122,23.06527732985358,32.304728483834985,0.8048780487804879,81.5845260580668,52152.08644640857,7694.145348999998,F60
755.4,0.21138211382113825,23.002439024390245,31.552032520325213,0.8048780487804879,83.3464618744267,51060.69359999998,6641.729651,F733
755.4,0.21138211382113825,23.002439024390245,31.552032520325213,0.8048780487804879,83.3464618744267,51060.69359999998,7320.218023,F733
755.4,0.21138211382113825,23.002439024390245,31.552032520325213,0.8048780487804879,83.3464618744267,51060.69359999998,5742.674419,F733
755.4,0.21138211382113825,23.002439024390245,31.552032520325213,0.8048780487804879,83.3464618744267,51060.69359999998,8416.27907,F733
1150.83,0.1951219512195122,23.06527732985358,32.304728483834985,0.8048780487804879,81.5845260580668,52152.08644640857,5065.525581,F733
1150.83,0.1951219512195122,23.06527732985358,32.304728483834985,0.8048780487804879,81.5845260580668,52152.08644640857,4504.12907,F733
1150.83,0.1951219512195122,23.06527732985358,32.304728483834985,0.8048780487804879,81.5845260580668,52152.08644640857,5267.483721000001,F733
1150.83,0.1951219512195122,23.06527732985358,32.304728483834985,0.8048780487804879,81.5845260580668,52152.08644640857,4596.216802,F733
713.2,0.14516129032258066,22.74095422375572,31.975715909280108,0.8790322580645161,77.52515679487594,49020.1476,10750.0,COLOMBIA XXI
274.6,0.06451612903225806,23.425000000000008,33.20645161290323,0.8709677419354839,73.5554840657066,51104.519659554935,6488.05,F2000
274.6,0.06451612903225806,23.425000000000008,33.20645161290323,0.8709677419354839,73.5554840657066,51104.519659554935,6062.972674000002,F2000
274.6,0.06451612903225806,23.425000000000008,33.20645161290323,0.8709677419354839,73.5554840657066,51104.519659554935,8043.251163,F2000
274.6,0.06451612903225806,23.425000000000008,33.20645161290323,0.8709677419354839,73.5554840657066,51104.519659554935,5577.746512,F2000
303.6,0.07258064516129033,23.29596774193548,32.93463779695749,0.8629032258064516,76.45798387096777,51307.87540753274,4437.584302,F50
303.6,0.07258064516129033,23.29596774193548,32.93463779695749,0.8629032258064516,76.45798387096777,51307.87540753274,4357.046512,F50
303.6,0.07258064516129033,23.29596774193548,32.93463779695749,0.8629032258064516,76.45798387096777,51307.87540753274,3844.009302,F50
303.6,0.07258064516129033,23.29596774193548,32.93463779695749,0.8629032258064516,76.45798387096777,51307.87540753274,3812.9284880000014,F50
988.2,0.1935483870967742,23.104989817892623,32.419789252358434,0.8225806451612904,81.11544869964256,51913.63469207447,4817.696512,F50
988.2,0.1935483870967742,23.104989817892623,32.419789252358434,0.8225806451612904,81.11544869964256,51913.63469207447,5649.982558,F50
988.2,0.1935483870967742,23.104989817892623,32.419789252358434,0.8225806451612904,81.11544869964256,51913.63469207447,4774.491279,F50
988.2,0.1935483870967742,23.104989817892623,32.419789252358434,0.8225806451612904,81.11544869964256,51913.63469207447,4871.938372,F50
1095.7,0.1774193548387097,23.01048387096775,32.71854838709677,0.8467741935483871,79.14193548387095,52876.28999999999,5997.920494,F50
1095.7,0.1774193548387097,23.01048387096775,32.71854838709677,0.8467741935483871,79.14193548387095,52876.28999999999,5725.207558,F50
1095.7,0.1774193548387097,23.01048387096775,32.71854838709677,0.8467741935483871,79.14193548387095,52876.28999999999,4861.355669,F50
1095.7,0.1774193548387097,23.01048387096775,32.71854838709677,0.8467741935483871,79.14193548387095,52876.28999999999,4666.046512,F50
274.6,0.06451612903225806,23.425000000000008,33.20645161290323,0.8709677419354839,73.5554840657066,51104.519659554935,6555.556395000001,F60
274.6,0.06451612903225806,23.425000000000008,33.20645161290323,0.8709677419354839,73.5554840657066,51104.519659554935,6367.583721,F60
274.6,0.06451612903225806,23.425000000000008,33.20645161290323,0.8709677419354839,73.5554840657066,51104.519659554935,5868.991279,F60
274.6,0.06451612903225806,23.425000000000008,33.20645161290323,0.8709677419354839,73.5554840657066,51104.519659554935,5769.976744,F60
303.6,0.07258064516129033,23.29596774193548,32.93463779695749,0.8629032258064516,76.45798387096777,51307.87540753274,4573.904070000001,F60
303.6,0.07258064516129033,23.29596774193548,32.93463779695749,0.8629032258064516,76.45798387096777,51307.87540753274,3452.805233,F60
303.6,0.07258064516129033,23.29596774193548,32.93463779695749,0.8629032258064516,76.45798387096777,51307.87540753274,5134.4267439999985,F60
303.6,0.07258064516129033,23.29596774193548,32.93463779695749,0.8629032258064516,76.45798387096777,51307.87540753274,3881.751453,F60
274.6,0.06451612903225806,23.425000000000008,33.20645161290323,0.8709677419354839,73.5554840657066,51104.519659554935,7167.776744,F733
274.6,0.06451612903225806,23.425000000000008,33.20645161290323,0.8709677419354839,73.5554840657066,51104.519659554935,8781.666279000001,F733
274.6,0.06451612903225806,23.425000000000008,33.20645161290323,0.8709677419354839,73.5554840657066,51104.519659554935,4763.155814,F733
274.6,0.06451612903225806,23.425000000000008,33.20645161290323,0.8709677419354839,73.5554840657066,51104.519659554935,6808.295348999999,F733
740.6,0.16,22.84461200790161,32.034353030029905,0.8640000000000001,78.29805951757362,40788.4728,6625.0,N.n.
702.8000000000003,0.192,22.956,31.63760000000001,0.816,81.98591999999995,49795.77,7194.767442,F50
702.8000000000003,0.192,22.956,31.63760000000001,0.816,81.98591999999995,49795.77,7180.232558,F50
702.8000000000003,0.192,22.956,31.63760000000001,0.816,81.98591999999995,49795.77,7434.593023,F50
702.8000000000003,0.192,22.956,31.63760000000001,0.816,81.98591999999995,49795.77,7664.098837,F50
433.7,0.08800000000000001,23.206139249288736,32.841083842257014,0.88,78.79316259875776,49910.637212906884,3863.226744,F50
433.7,0.08800000000000001,23.206139249288736,32.841083842257014,0.88,78.79316259875776,49910.637212906884,4741.875,F50
433.7,0.08800000000000001,23.206139249288736,32.841083842257014,0.88,78.79316259875776,49910.637212906884,5507.994186,F50
433.7,0.08800000000000001,23.206139249288736,32.841083842257014,0.88,78.79316259875776,49910.637212906884,4732.5,F50
629.0,0.136,22.87555036689089,32.04184756884615,0.8079999999999999,79.33032802789826,49434.48057396724,7373.643819,F60
629.0,0.136,22.87555036689089,32.04184756884615,0.8079999999999999,79.33032802789826,49434.48057396724,6314.875153,F60
629.0,0.136,22.87555036689089,32.04184756884615,0.8079999999999999,79.33032802789826,49434.48057396724,8715.514076000001,F60
634.0000000000001,0.168,23.016000000000016,32.03520000000001,0.848,82.28875848443595,55152.7704,8753.633721,F733
634.0000000000001,0.168,23.016000000000016,32.03520000000001,0.848,82.28875848443595,55152.7704,7843.023256,F733
634.0000000000001,0.168,23.016000000000016,32.03520000000001,0.848,82.28875848443595,55152.7704,6851.8895349999975,F733
634.0000000000001,0.168,23.016000000000016,32.03520000000001,0.848,82.28875848443595,55152.7704,8942.296512,F733
629.0,0.136,22.87555036689089,32.04184756884615,0.8079999999999999,79.33032802789826,49434.48057396724,5095.973378,F733
629.0,0.136,22.87555036689089,32.04184756884615,0.8079999999999999,79.33032802789826,49434.48057396724,5420.379437,F733
629.0,0.136,22.87555036689089,32.04184756884615,0.8079999999999999,79.33032802789826,49434.48057396724,6351.22399,F733
629.0,0.136,22.87555036689089,32.04184756884615,0.8079999999999999,79.33032802789826,49434.48057396724,7885.114137,MOCARI
629.0,0.136,22.87555036689089,32.04184756884615,0.8079999999999999,79.33032802789826,49434.48057396724,7637.698898000002,MOCARI
629.0,0.136,22.87555036689089,32.04184756884615,0.8079999999999999,79.33032802789826,49434.48057396724,5581.132803,MOCARI
851.3,0.15873015873015872,22.623702070106567,32.11087238962005,0.8809523809523809,77.23047804969673,37372.6776,7700.0,F733
607.5,0.12698412698412698,22.60684022220945,32.16520893591539,0.8492063492063492,77.33488493518753,50466.5592,7250.0,N.n.
800.3999999999999,0.1746031746031746,23.06383964969336,31.766873559400487,0.8253968253968254,82.28896618662006,50975.26623325695,5280.232558,F60
800.3999999999999,0.1746031746031746,23.06383964969336,31.766873559400487,0.8253968253968254,82.28896618662006,50975.26623325695,5029.887597,F60
800.3999999999999,0.1746031746031746,23.06383964969336,31.766873559400487,0.8253968253968254,82.28896618662006,50975.26623325695,5190.6782950000015,F60
800.3999999999999,0.1746031746031746,23.06383964969336,31.766873559400487,0.8253968253968254,82.28896618662006,50975.26623325695,6110.4677,F733
800.3999999999999,0.1746031746031746,23.06383964969336,31.766873559400487,0.8253968253968254,82.28896618662006,50975.26623325695,6085.271318,F733
800.3999999999999,0.1746031746031746,23.06383964969336,31.766873559400487,0.8253968253968254,82.28896618662006,50975.26623325695,4704.53876,F733
800.3999999999999,0.1746031746031746,23.06383964969336,31.766873559400487,0.8253968253968254,82.28896618662006,50975.26623325695,5735.05814,MOCARI
800.3999999999999,0.1746031746031746,23.06383964969336,31.766873559400487,0.8253968253968254,82.28896618662006,50975.26623325695,4127.878229999998,MOCARI
800.3999999999999,0.1746031746031746,23.06383964969336,31.766873559400487,0.8253968253968254,82.28896618662006,50975.26623325695,4387.267442,MOCARI
1151.28,0.1889763779527559,23.068733161984177,32.356548059147265,0.8110236220472441,81.22162759954502,53963.62324640856,5922.0,F50
1151.28,0.1889763779527559,23.068733161984177,32.356548059147265,0.8110236220472441,81.22162759954502,53963.62324640856,7478.9625,F50
1151.28,0.1889763779527559,23.068733161984177,32.356548059147265,0.8110236220472441,81.22162759954502,53963.62324640856,3991.451163,F50
1151.28,0.1889763779527559,23.068733161984177,32.356548059147265,0.8110236220472441,81.22162759954502,53963.62324640856,4999.517442,F50
631.4,0.14960629921259844,22.906644061900497,32.088432646502106,0.8346456692913385,79.80323624793138,49781.695773967214,5660.954712,F60
631.4,0.14960629921259844,22.906644061900497,32.088432646502106,0.8346456692913385,79.80323624793138,49781.695773967214,5697.674419,F60
631.4,0.14960629921259844,22.906644061900497,32.088432646502106,0.8346456692913385,79.80323624793138,49781.695773967214,5246.328029,F60
501.6,0.10236220472440943,22.889763779527545,32.34964470567959,0.8503937007874016,78.27740155610745,51347.196394566985,7535.976744,F60
501.6,0.10236220472440943,22.889763779527545,32.34964470567959,0.8503937007874016,78.27740155610745,51347.196394566985,8714.92907,F60
501.6,0.10236220472440943,22.889763779527545,32.34964470567959,0.8503937007874016,78.27740155610745,51347.196394566985,8364.861628,F60
631.4,0.14960629921259844,22.906644061900497,32.088432646502106,0.8346456692913385,79.80323624793138,49781.695773967214,6884.94492,F733
631.4,0.14960629921259844,22.906644061900497,32.088432646502106,0.8346456692913385,79.80323624793138,49781.695773967214,7085.556916,F733
631.4,0.14960629921259844,22.906644061900497,32.088432646502106,0.8346456692913385,79.80323624793138,49781.695773967214,8315.911873000001,F733
501.6,0.10236220472440943,22.889763779527545,32.34964470567959,0.8503937007874016,78.27740155610745,51347.196394566985,7192.383720999997,F733
501.6,0.10236220472440943,22.889763779527545,32.34964470567959,0.8503937007874016,78.27740155610745,51347.196394566985,7248.658866,F733
501.6,0.10236220472440943,22.889763779527545,32.34964470567959,0.8503937007874016,78.27740155610745,51347.196394566985,5088.33314,F733
631.4,0.14960629921259844,22.906644061900497,32.088432646502106,0.8346456692913385,79.80323624793138,49781.695773967214,6044.124847,MOCARI
631.4,0.14960629921259844,22.906644061900497,32.088432646502106,0.8346456692913385,79.80323624793138,49781.695773967214,5505.01836,MOCARI
631.4,0.14960629921259844,22.906644061900497,32.088432646502106,0.8346456692913385,79.80323624793138,49781.695773967214,6373.470012,MOCARI
501.6,0.10236220472440943,22.889763779527545,32.34964470567959,0.8503937007874016,78.27740155610745,51347.196394566985,6059.273256,MOCARI
501.6,0.10236220472440943,22.889763779527545,32.34964470567959,0.8503937007874016,78.27740155610745,51347.196394566985,5556.395349,MOCARI
501.6,0.10236220472440943,22.889763779527545,32.34964470567959,0.8503937007874016,78.27740155610745,51347.196394566985,5987.527907,MOCARI
848.8000000000003,0.1953125,22.56145426076889,32.114435922415446,0.8671875,77.75045893953417,51792.8544,8518.75,F275
786.8000000000003,0.2109375,22.99453125,31.525781250000016,0.8046875,83.22995945745694,52895.394,6592.44186,F50
786.8000000000003,0.2109375,22.99453125,31.525781250000016,0.8046875,83.22995945745694,52895.394,5186.627907,F50
786.8000000000003,0.2109375,22.99453125,31.525781250000016,0.8046875,83.22995945745694,52895.394,7926.744186,F50
786.8000000000003,0.2109375,22.99453125,31.525781250000016,0.8046875,83.22995945745694,52895.394,5762.790698,F50
296.8,0.0703125,23.421093750000008,33.1515625,0.8671875,73.90531268865325,52556.90125955493,8530.593023000001,F50
296.8,0.0703125,23.421093750000008,33.1515625,0.8671875,73.90531268865325,52556.90125955493,6376.05407,F50
296.8,0.0703125,23.421093750000008,33.1515625,0.8671875,73.90531268865325,52556.90125955493,5827.361919,F50
296.8,0.0703125,23.421093750000008,33.1515625,0.8671875,73.90531268865325,52556.90125955493,6283.255814,F50
297.6,0.061538461538461535,23.316923076923075,33.39846153846154,0.8461538461538461,70.56507710882781,54160.316489405166,5108.196221,F2000
297.6,0.061538461538461535,23.316923076923075,33.39846153846154,0.8461538461538461,70.56507710882781,54160.316489405166,7586.262209,F2000
297.6,0.061538461538461535,23.316923076923075,33.39846153846154,0.8461538461538461,70.56507710882781,54160.316489405166,8595.361047,F2000
297.6,0.061538461538461535,23.316923076923075,33.39846153846154,0.8461538461538461,70.56507710882781,54160.316489405166,5962.33314,F2000
675.0,0.16923076923076924,23.018461538461555,31.983846153846173,0.8384615384615385,82.4782677734961,57014.694,7491.8604650000025,F50
675.0,0.16923076923076924,23.018461538461555,31.983846153846173,0.8384615384615385,82.4782677734961,57014.694,7106.976744,F50
675.0,0.16923076923076924,23.018461538461555,31.983846153846173,0.8384615384615385,82.4782677734961,57014.694,7664.098837,F50
675.0,0.16923076923076924,23.018461538461555,31.983846153846173,0.8384615384615385,82.4782677734961,57014.694,7116.279070000001,F50
297.6,0.061538461538461535,23.316923076923075,33.39846153846154,0.8461538461538461,70.56507710882781,54160.316489405166,5513.332849,F60
297.6,0.061538461538461535,23.316923076923075,33.39846153846154,0.8461538461538461,70.56507710882781,54160.316489405166,6285.061919,F60
297.6,0.061538461538461535,23.316923076923075,33.39846153846154,0.8461538461538461,70.56507710882781,54160.316489405166,7949.816859999999,F60
297.6,0.061538461538461535,23.316923076923075,33.39846153846154,0.8461538461538461,70.56507710882781,54160.316489405166,7395.339244,F60
297.6,0.061538461538461535,23.316923076923075,33.39846153846154,0.8461538461538461,70.56507710882781,54160.316489405166,7443.415115999999,F733
297.6,0.061538461538461535,23.316923076923075,33.39846153846154,0.8461538461538461,70.56507710882781,54160.316489405166,8598.622384,F733
297.6,0.061538461538461535,23.316923076923075,33.39846153846154,0.8461538461538461,70.56507710882781,54160.316489405166,7920.084884000001,F733
297.6,0.061538461538461535,23.316923076923075,33.39846153846154,0.8461538461538461,70.56507710882781,54160.316489405166,8312.941859999999,F733
1225.4299999999996,0.1984732824427481,23.01354289845685,32.31567854378085,0.8091603053435115,81.30184079738342,55157.83558739606,5625.0,OTRAS
164.0,0.03053435114503817,23.175572519083968,33.8442748091603,0.8931297709923665,68.73374064234821,55740.98590795278,8609.781976999999,F2000
164.0,0.03053435114503817,23.175572519083968,33.8442748091603,0.8931297709923665,68.73374064234821,55740.98590795278,7925.265987999999,F2000
164.0,0.03053435114503817,23.175572519083968,33.8442748091603,0.8931297709923665,68.73374064234821,55740.98590795278,8916.685465,F2000
164.0,0.03053435114503817,23.175572519083968,33.8442748091603,0.8931297709923665,68.73374064234821,55740.98590795278,7154.162791,F2000
164.0,0.03053435114503817,23.175572519083968,33.8442748091603,0.8931297709923665,68.73374064234821,55740.98590795278,7831.229651000002,F60
164.0,0.03053435114503817,23.175572519083968,33.8442748091603,0.8931297709923665,68.73374064234821,55740.98590795278,9503.431977,F60
164.0,0.03053435114503817,23.175572519083968,33.8442748091603,0.8931297709923665,68.73374064234821,55740.98590795278,9118.590698,F60
164.0,0.03053435114503817,23.175572519083968,33.8442748091603,0.8931297709923665,68.73374064234821,55740.98590795278,7996.819477,F60
164.0,0.03053435114503817,23.175572519083968,33.8442748091603,0.8931297709923665,68.73374064234821,55740.98590795278,9314.755814,F733
164.0,0.03053435114503817,23.175572519083968,33.8442748091603,0.8931297709923665,68.73374064234821,55740.98590795278,9790.332558,F733
164.0,0.03053435114503817,23.175572519083968,33.8442748091603,0.8931297709923665,68.73374064234821,55740.98590795278,9060.930233,F733
164.0,0.03053435114503817,23.175572519083968,33.8442748091603,0.8931297709923665,68.73374064234821,55740.98590795278,9477.910465,F733
865.3,0.15789473684210525,22.6795974498754,32.08699188791072,0.8796992481203008,76.99161498268789,40048.6704,8000.0,CIMARRON BARINAS
880.9000000000003,0.18796992481203006,22.589188118768536,32.18500322251304,0.8796992481203008,77.64671608202715,55380.58560000001,6312.5,COPROSEM 304
793.1,0.15789473684210525,22.60790336551,32.221547821131345,0.8796992481203008,76.58773038379395,54757.5564,8000.0,F473
819.5999999999997,0.16541353383458646,22.724635345772185,32.019925714366096,0.8721804511278195,78.07105427698086,43879.2612,6437.5,F50
846.9,0.14285714285714285,22.535236547619768,32.38818756699679,0.9022556390977444,75.72362471273333,41295.9228,4687.5,F50
164.0,0.030075187969924814,23.17744360902256,33.86917293233082,0.8947368421052632,68.75210544471891,56870.03230795277,9189.113372,F50
164.0,0.030075187969924814,23.17744360902256,33.86917293233082,0.8947368421052632,68.75210544471891,56870.03230795277,9027.934593,F50
164.0,0.030075187969924814,23.17744360902256,33.86917293233082,0.8947368421052632,68.75210544471891,56870.03230795277,9474.0,F50
164.0,0.030075187969924814,23.17744360902256,33.86917293233082,0.8947368421052632,68.75210544471891,56870.03230795277,8268.455233,F50
313.6,0.06766917293233082,23.320300751879696,33.393984962406016,0.849624060150376,70.75939867780161,55474.910489405156,7252.545348999999,F50
313.6,0.06766917293233082,23.320300751879696,33.393984962406016,0.849624060150376,70.75939867780161,55474.910489405156,7564.751163,F50
313.6,0.06766917293233082,23.320300751879696,33.393984962406016,0.849624060150376,70.75939867780161,55474.910489405156,8292.743314,F50
313.6,0.06766917293233082,23.320300751879696,33.393984962406016,0.849624060150376,70.75939867780161,55474.910489405156,6301.707849,F50
337.3,0.07462686567164177,22.71479716289336,33.234984014052664,0.8955223880597015,73.11034548141484,45120.3048,5187.5,CIMARRON BARINAS
823.2,0.14925373134328354,22.73575378383181,32.05202656291948,0.8880597014925373,77.3886137305833,52898.975999999995,8125.0,CIMARRON BARINAS
858.4000000000003,0.16417910447761194,22.678196445863506,32.18648337873681,0.9029850746268656,77.45863532848848,53184.8196,9375.0,CIMARRON BARINAS
840.5999999999997,0.17164179104477612,22.610164326837435,32.266163135899006,0.9029850746268656,76.72231556190259,55464.88200000001,7937.5,COLOMBIA XXI
732.8000000000003,0.13432835820895522,22.56865671641789,32.21077652942473,0.8880597014925373,76.20100315984304,51626.6496,7687.5,F275
805.8,0.16417910447761194,22.59139865601233,32.17213328515274,0.8805970149253731,76.56053819831338,55099.99560000001,7187.5,F50
740.6,0.14705882352941174,22.808650742556626,32.15657447613042,0.875,77.66209794200915,45430.505999999994,5000.0,F50
411.70000000000016,0.07801418439716312,22.684984537785176,33.23892097789402,0.9007092198581559,73.05522194687653,45120.3048,7812.5,CIMARRON BARINAS
813.8000000000003,0.17647058823529413,22.92222222222221,31.979084967320258,0.8366013071895425,80.60150326797381,62195.69879999999,6791.8604650000025,F733
813.8000000000003,0.17647058823529413,22.92222222222221,31.979084967320258,0.8366013071895425,80.60150326797381,62195.69879999999,7829.651162999998,F733
813.8000000000003,0.17647058823529413,22.92222222222221,31.979084967320258,0.8366013071895425,80.60150326797381,62195.69879999999,7541.8604650000025,F733
813.8000000000003,0.17647058823529413,22.92222222222221,31.979084967320258,0.8366013071895425,80.60150326797381,62195.69879999999,6877.616279000003,F733
685.5,0.14173228346456693,23.034600308696646,34.2862639282904,0.9448818897637796,72.26353116288385,51140.69160000001,5600.0,CHICALA
891.9999999999999,0.1889763779527559,22.768503937007885,31.790551181102373,0.8031496062992126,81.68228346456688,53964.2628,5163.0,CHICALA
636.5,0.12598425196850396,22.63307086614173,34.208485556190496,0.9527559055118108,71.63376758815491,53199.86400000001,4750.0,CIMARRON BARINAS
634.9,0.12598425196850396,22.65984251968504,34.16124146170231,0.9527559055118108,71.84388578216641,53112.9408,3437.0,CIMARRON BARINAS
631.6999999999998,0.12598425196850396,22.716535433070863,34.11557217036372,0.9527559055118108,72.11411976695379,52868.88720000001,5000.0,CIMARRON BARINAS
622.8,0.11811023622047245,22.97795275590552,34.052467853312194,0.9527559055118108,73.46700076378006,52248.48479999999,6562.0,CIMARRON BARINAS
622.8,0.11811023622047245,22.985826771653556,34.08081431000511,0.9606299212598424,73.41188265354387,52245.85799999999,5312.0,CIMARRON BARINAS
626.3000000000002,0.12598425196850396,23.01574803149607,34.1548300580366,0.9606299212598424,73.226032739145,52253.022,5375.0,CIMARRON BARINAS
853.6,0.1968503937007874,22.86378448555665,33.853620063511705,0.9291338582677166,73.97973061001673,51572.442,7250.0,COLOMBIA XXI
709.4,0.1889763779527559,22.913316918499717,32.377757019603955,0.8582677165354331,77.0106884344625,50963.9796,7500.0,COLOMBIA XXI
713.0999999999997,0.1889763779527559,22.891742967283424,32.38011922432837,0.8582677165354331,76.9539167809192,51271.31519999999,7500.0,COLOMBIA XXI
713.0999999999997,0.1889763779527559,22.891742967283424,32.38011922432837,0.8582677165354331,76.9539167809192,51271.31519999999,7812.0,COLOMBIA XXI
527.8,0.14173228346456693,22.860846323644004,32.410900338518296,0.8582677165354331,76.35850509925045,52417.0776,6554.0,COLOMBIA XXI
366.10000000000014,0.09448818897637797,22.93513743191061,32.3245741127291,0.8503937007874016,76.82267727627344,52771.218,8437.0,COLOMBIA XXI
399.9,0.11023622047244094,22.97206863045872,32.32063710485509,0.84251968503937,77.04976532986484,53807.84880000001,6875.0,COLOMBIA XXI
375.0,0.10236220472440943,23.048866704444947,32.15292056942202,0.8267716535433071,78.59544902226253,54077.6928,8500.0,COLOMBIA XXI
455.00000000000006,0.12598425196850396,23.01371445674992,31.808661417322817,0.8267716535433071,80.69527559055119,53754.8352,7813.0,COLOMBIA XXI
454.20000000000016,0.12598425196850396,23.033399496120005,31.6070866141732,0.8188976377952756,81.90472440944882,52685.72759999999,6875.0,COLOMBIA XXI
445.0,0.11811023622047245,23.10708661417324,31.733858267716545,0.8346456692913385,83.09669291338584,54406.7592,7250.0,COLOMBIA XXI
740.2,0.2047244094488189,22.95984251968504,31.47559055118112,0.8031496062992126,83.21877803586217,52193.5608,6250.0,COLOMBIA XXI
708.4000000000003,0.1732283464566929,22.92677165354329,31.84488188976378,0.8346456692913385,81.00417322834646,50529.1248,7000.0,COLOMBIA XXI
554.1999999999998,0.11811023622047245,22.725984251968498,32.703149606299206,0.8897637795275591,77.07015748031495,54154.58640000001,5000.0,COLOMBIA XXI
509.40000000000015,0.10236220472440943,22.848818897637788,32.315786437963055,0.8346456692913385,78.17157478445391,51368.68839456699,7000.0,COLOMBIA XXI
169.39999999999995,0.03937007874015748,23.202362204724412,33.488188976377955,0.8897637795275591,70.89259861533553,53145.24120857059,7187.0,COLOMBIA XXI
388.5,0.10236220472440943,23.005389025950137,32.48677883713856,0.8661417322834646,77.07860469149513,54201.15239999999,6125.0,COPROSEM 304
388.5,0.10236220472440943,23.005389025950137,32.48677883713856,0.8661417322834646,77.07860469149513,54201.15239999999,8875.0,DORADA
642.9,0.12598425196850396,22.962204724409453,34.046168640713766,0.9527559055118108,73.37233638077436,52231.76880000001,5000.0,F2000
547.2,0.14960629921259844,22.83377864541666,32.42027670464333,0.8661417322834646,76.53926252787656,52237.0224,7875.0,F2000
681.2000000000003,0.1811023622047244,23.0488188976378,31.913385826771666,0.8346456692913385,82.56657331145269,55053.6684,7312.5,F2000
578.5999999999998,0.11811023622047245,22.755905511811022,34.106123351466096,0.9527559055118108,72.07775534372773,52676.17559999999,6250.0,F275
576.2999999999997,0.11811023622047245,22.82362204724409,34.058879256977896,0.9527559055118108,72.39935874088648,52483.70279999999,5000.0,F275
644.4,0.12598425196850396,22.91181102362205,34.10443635724921,0.9527559055118108,73.17130181412708,52276.4244,7187.0,F275
622.0999999999998,0.11811023622047245,23.00472440944883,34.10601116039881,0.9606299212598424,73.34889052755962,52235.58959999999,5750.0,F275
632.0,0.12598425196850396,23.022047244094487,34.135932420241325,0.9606299212598424,73.36389871233717,52205.9784,6250.0,F275
685.0000000000001,0.14173228346456693,23.01896642969648,34.264216684195915,0.9448818897637796,72.2873314734792,51075.73800000001,5625.0,F275
890.8000000000003,0.2283464566929134,22.79312143071745,32.69405466132377,0.8740157480314961,76.64991518875767,49663.236,6800.0,F275
555.9,0.14960629921259844,22.83300720246343,32.536024736139396,0.8661417322834646,76.06308397026281,52247.76839999999,7687.0,F275
891.1000000000001,0.2283464566929134,22.78298002526593,32.64366096053636,0.8740157480314961,76.94912778718286,49568.4324,8148.0,F473
891.1000000000001,0.2283464566929134,22.78298002526593,32.64366096053636,0.8740157480314961,76.94912778718286,49568.4324,7812.0,F473
891.1000000000001,0.2283464566929134,22.784358829452408,32.55074757470957,0.8661417322834646,77.232592354112,49444.01760000001,8375.0,F473
891.1000000000001,0.2283464566929134,22.786546243104826,32.48074196199294,0.8661417322834646,77.53967896828523,49356.13920000001,8437.0,F473
743.1999999999997,0.1968503937007874,22.957480314960627,31.59055118110238,0.8188976377952756,82.8730708661417,50965.6512,8000.0,F473
930.6,0.1968503937007874,22.90866141732285,31.545669291338573,0.7874015748031497,83.4950393700787,52338.0348,6875.0,F473
636.4,0.13385826771653545,22.87829760520757,32.0341019378407,0.8110236220472441,79.61725199596286,50117.20977396724,6875.0,F473
408.20000000000016,0.07874015748031496,23.185039370078744,33.066929133858274,0.8582677165354331,73.5418897637795,53139.29016109674,7625.0,F473
285.2,0.06299212598425198,23.1992125984252,33.229133858267716,0.8740157480314961,72.63047244094486,53265.61536109673,7784.0,F473
149.4,0.031496062992125984,23.19448818897637,33.68188976377952,0.8897637795275591,69.78818916651667,53869.99920857059,8317.0,F473
156.4,0.031496062992125984,23.18976377952756,33.83700787401574,0.8897637795275591,68.6596064893513,54077.02750795279,6625.0,F473
644.4,0.12598425196850396,22.933858267716545,34.06349147535944,0.9527559055118108,73.19523551500531,52258.99199999999,5312.0,F50
734.7,0.16535433070866146,22.988028443385325,34.253620063511704,0.9448818897637796,72.51659409222641,51555.0096,4000.0,F50
853.6,0.1968503937007874,22.884691653652602,33.88669092965343,0.9291338582677166,73.87267686455972,51559.7856,6500.0,F50
861.4999999999999,0.2125984251968504,22.772952899514646,32.925550724315876,0.8897637795275591,76.05853474461875,50053.1964,6750.0,F50
892.8,0.2283464566929134,22.792222223637967,32.74917277155997,0.8740157480314961,76.59817332918298,49733.44319999999,7812.0,F50
555.9,0.14960629921259844,22.83300720246343,32.536024736139396,0.8661417322834646,76.06308397026281,52247.76839999999,4062.0,F50
403.8,0.11023622047244094,23.07314761075861,32.17654261666612,0.8188976377952756,78.4346373572197,53714.2392,6875.0,F50
431.2,0.11023622047244094,23.059842519685038,31.62362204724409,0.8267716535433071,82.66551181102359,53048.4648,6250.0,F50
156.39999999999995,0.031496062992125984,23.16535433070866,33.89999999999999,0.8976377952755905,68.82047263108356,54571.35480857058,6250.0,F50
631.6999999999998,0.12598425196850396,22.705511811023626,34.11557217036372,0.9527559055118108,72.15516372301168,52880.82720000001,3125.0,F60
576.2999999999997,0.11811023622047245,22.811023622047248,34.106123351466096,0.9527559055118108,72.18088941562714,52565.1336,6875.0,F60
642.9,0.12598425196850396,22.962204724409453,34.046168640713766,0.9527559055118108,73.37233638077436,52231.76880000001,5750.0,F60
629.2,0.12598425196850396,23.02677165354331,34.1548300580366,0.9606299212598424,73.26191355497541,52220.0676,5125.0,F60
620.2999999999997,0.11811023622047245,23.020472440944875,34.1044363572492,0.9527559055118108,73.47045373648342,52222.2168,7812.0,F60
471.1,0.08661417322834647,23.01783750421805,34.51302464713118,0.9606299212598424,71.7118877850618,52791.2772,5000.0,F60
734.7,0.16535433070866146,22.95854445013748,34.222124000519564,0.9448818897637796,72.68984992197372,51592.02359999999,4562.0,F60
762.4,0.1732283464566929,22.89384147613475,34.11818699264557,0.9448818897637796,73.11109472896379,51622.8288,4868.0,F60
892.8000000000003,0.2283464566929134,22.81054029191461,32.7302751337647,0.8740157480314961,76.67457591568629,49709.32439999999,6562.0,F60
892.8000000000003,0.2283464566929134,22.809151634379955,32.71137749596943,0.8740157480314961,76.72969402592253,49700.48879999999,7625.0,F60
891.6000000000001,0.2283464566929134,22.80516245479928,32.720826314867075,0.8740157480314961,76.68928526749782,49687.3548,6875.0,F60
891.1000000000001,0.2283464566929134,22.786546243104826,32.48074196199294,0.8661417322834646,77.53967896828523,49356.13920000001,6300.0,F60
640.6,0.16535433070866146,22.846690264584023,32.45807198023388,0.8582677165354331,76.54287665850259,52710.56279999999,7750.0,F60
562.9,0.14960629921259844,22.838766296730363,32.52893812196616,0.8661417322834646,76.13560365530219,52572.53639999999,9218.0,F60
527.8,0.14173228346456693,22.860846323644004,32.410900338518296,0.8582677165354331,76.35850509925045,52417.0776,6500.0,F60
364.4,0.10236220472440943,22.945412000785822,32.26709379776848,0.84251968503937,76.89001112242806,52644.1764,7500.0,F60
404.4,0.11023622047244094,22.97024801309165,32.37024340406769,0.84251968503937,77.06480469994358,53820.50520000001,8312.0,F60
390.70000000000016,0.10236220472440943,23.03693855649615,32.46630639619367,0.8582677165354331,77.27018109494686,54135.0048,4500.0,F60
904.6,0.1968503937007874,22.726771653543306,31.76062992125984,0.7952755905511811,81.50622047244092,53857.51919999999,5625.0,F60
502.8,0.10236220472440943,22.90472440944881,32.32995966630951,0.8503937007874016,78.44023620177673,51264.57159456698,6875.0,F60
502.8,0.10236220472440943,22.90472440944881,32.32995966630951,0.8503937007874016,78.44023620177673,51264.57159456698,6875.0,F60
164.0,0.031496062992125984,23.15196850393701,33.8527559055118,0.8897637795275591,68.68929152872136,54112.13110795277,6250.0,F60
644.4,0.12598425196850396,22.91181102362205,34.10443635724921,0.9527559055118108,73.17130181412708,52276.4244,6250.0,F60 + F275
621.7,0.11811023622047245,23.012598425196856,34.12805840449329,0.9606299212598424,73.37596554750705,52234.6344,4937.0,F733
824.2999999999997,0.1968503937007874,22.876156011510897,33.8032263627243,0.9291338582677166,74.08221578238299,50752.40279999999,6750.0,F733
746.7999999999997,0.1889763779527559,22.843430462027953,33.21846411014266,0.8976377952755905,75.26455691027519,50557.0644,8625.0,F733
861.4999999999999,0.2125984251968504,22.772952899514646,32.925550724315876,0.8897637795275591,76.05853474461875,50053.1964,6250.0,F733
852.5,0.2204724409448819,22.87274376708363,32.31870190149372,0.8582677165354331,77.78527272754646,49121.87640000001,7562.0,F733
786.5999999999997,0.2047244094488189,22.914213015372308,32.368308200706316,0.8582677165354331,77.17895615099795,50372.9496,7500.0,F733
666.1,0.1811023622047244,22.868033770109268,32.38720583850159,0.8582677165354331,76.94663234941977,51737.9304,8125.0,F733
471.8,0.12598425196850396,22.85973437667704,32.39042789757343,0.8582677165354331,76.3753678899722,52077.0264,8125.0,F733
366.10000000000014,0.09448818897637797,22.93513743191061,32.3245741127291,0.8503937007874016,76.82267727627344,52771.218,8687.0,F733
385.6,0.10236220472440943,23.093533393991688,32.33087332532755,0.84251968503937,77.89528773932022,54067.1856,7125.0,F733
397.1,0.11023622047244094,23.06947415053804,32.23323553005195,0.8267716535433071,78.27189957361544,53917.69680000001,7312.0,F733
444.2,0.11811023622047245,23.088188976377953,31.585039370078732,0.8188976377952756,82.86984251968505,53098.61280000002,8313.0,F733
444.8,0.11811023622047245,23.077952755905514,31.58897637795273,0.8188976377952756,82.9551181102362,53506.96080000001,8438.0,F733
447.20000000000016,0.11811023622047245,23.07480314960629,31.629921259842504,0.8188976377952756,82.89645669291335,53761.52160000001,7125.0,F733
443.0,0.11811023622047245,23.100000000000005,31.680314960629932,0.8267716535433071,83.20464566929134,53985.515999999996,7188.0,F733
443.0,0.11811023622047245,23.100000000000005,31.680314960629932,0.8267716535433071,83.20464566929134,53985.515999999996,6750.0,F733
443.0,0.11811023622047245,23.09685039370079,31.701574803149608,0.8267716535433071,83.11338582677166,54218.346,7438.0,F733
459.80000000000007,0.12598425196850396,23.06929133858269,31.65039370078741,0.8346456692913385,83.16362204724413,54153.87,7125.0,F733
737.2,0.2047244094488189,22.996850393700786,31.52519685039371,0.8110236220472441,83.08232134294876,52569.90959999999,6437.5,F733
764.4000000000003,0.2047244094488189,22.949606299212594,31.60078740157482,0.8110236220472441,82.83098276027162,51395.96879999999,6989.0,F733
559.0,0.13385826771653545,22.755118110236225,32.807086614173244,0.8976377952755905,77.07370078740156,53037.2412,5593.75,F733
598.6,0.13385826771653545,22.70708661417323,32.657480314960644,0.8740157480314961,77.3006299212598,53296.3392,6562.5,F733
551.3999999999999,0.11811023622047245,22.721259842519693,32.692125984251966,0.8818897637795275,77.09440944881891,53969.51639999999,5750.0,F733
554.1999999999998,0.11811023622047245,22.725984251968498,32.703149606299206,0.8897637795275591,77.07015748031495,54154.58640000001,4250.0,F733
680.8000000000002,0.14960629921259844,22.683464566929132,32.58031496062993,0.8661417322834646,77.5381102362205,54047.8428,4750.0,F733
737.7999999999997,0.16535433070866146,22.71732283464568,32.16220472440945,0.8110236220472441,79.60000000000002,54209.5104,6375.0,F733
904.6,0.1968503937007874,22.726771653543306,31.76062992125984,0.7952755905511811,81.50622047244092,53857.51919999999,6562.0,F733
903.1999999999997,0.1889763779527559,22.840157480314964,31.729133858267716,0.8110236220472441,82.73653543307084,53157.83520000001,5875.0,F733
903.1999999999997,0.1889763779527559,22.840157480314964,31.729133858267716,0.8110236220472441,82.73653543307084,53157.83520000001,5312.5,F733
908.6,0.1889763779527559,22.91259842519685,31.61889763779527,0.8031496062992126,83.20039370078739,52827.335999999996,6562.5,F733
908.6,0.1889763779527559,22.91259842519685,31.61889763779527,0.8031496062992126,83.20039370078739,52827.335999999996,6000.0,F733
934.6,0.1968503937007874,22.924151210115266,31.47442639937601,0.7795275590551181,83.69468994252306,52125.61727606141,5625.0,F733
895.8,0.1889763779527559,22.92207687120723,31.48549569126925,0.7795275590551181,83.71068507614294,52179.5406694948,5937.0,F733
895.8,0.1889763779527559,22.92207687120723,31.48549569126925,0.7795275590551181,83.71068507614294,52179.5406694948,5625.0,F733
573.4000000000002,0.13385826771653545,22.918455085522538,32.153786977210764,0.84251968503937,79.62559845265578,49712.204973967215,6562.5,F733
564.9999999999999,0.13385826771653545,22.92396689654616,32.1624483945336,0.84251968503937,79.5650472715534,49942.16937396722,6562.0,F733
589.8,0.12598425196850396,22.92317949497136,32.17583422130526,0.8346456692913385,79.47292128730146,50293.92177396722,7500.0,F733
639.8,0.13385826771653545,22.86569918001072,32.034889339415514,0.8110236220472441,79.43992916131718,50153.268573967216,7187.5,F733
536.4,0.11811023622047245,22.968848786309923,32.015991701620244,0.8188976377952756,79.42551971249831,50166.641373967235,7500.0,F733
512.1999999999998,0.11023622047244094,22.993228608016096,32.19742514420925,0.84251968503937,78.69121258911126,50837.12270447245,7500.0,F733
508.6,0.10236220472440943,22.89133858267716,32.316573839537874,0.84251968503937,78.5268503750051,51821.45319456698,6562.0,F733
509.40000000000015,0.10236220472440943,22.848818897637788,32.315786437963055,0.8346456692913385,78.17157478445391,51368.68839456699,6875.0,F733
509.40000000000015,0.10236220472440943,22.848818897637788,32.315786437963055,0.8346456692913385,78.17157478445391,51368.68839456699,7062.5,F733
445.6,0.08661417322834647,22.790551181102362,32.387401574803164,0.8267716535433071,77.45583672419816,51795.02184027392,6875.0,F733
285.2,0.06299212598425198,23.214173228346468,33.14960629921261,0.8740157480314961,73.11999999999995,53140.96176109674,6875.0,F733
285.2,0.06299212598425198,23.214173228346468,33.14960629921261,0.8740157480314961,73.11999999999995,53140.96176109674,7000.0,F733
169.39999999999995,0.03937007874015748,23.202362204724412,33.479527559055114,0.8897637795275591,71.00228365470564,53283.26760857058,6562.0,F733
149.4,0.031496062992125984,23.19448818897637,33.68188976377952,0.8897637795275591,69.78818916651667,53869.99920857059,8125.0,F733
156.2,0.031496062992125984,23.183464566929132,33.92204724409448,0.8976377952755905,68.60362223738278,54570.39960857059,7500.0,F733
151.39999999999995,0.031496062992125984,23.18661417322835,33.85433070866141,0.8897637795275591,68.53133877281587,54256.84390795278,4700.0,F733
305.0,0.07086614173228346,23.33700787401575,33.438582677165364,0.8582677165354331,70.72771672557177,53028.404489405155,5625.0,F733
305.0,0.07086614173228346,23.361417322834647,33.400787401574824,0.8582677165354331,70.9314962531308,52920.22808940514,6875.0,F733
614.5999999999998,0.15748031496062992,22.84983730763989,32.4879932400764,0.8582677165354331,76.45479377904141,52734.20399999999,8437.0,FORTALEZA
908.6,0.1889763779527559,22.882677165354337,31.65984251968503,0.8031496062992126,83.17787401574799,52966.3176,5437.5,FORTALEZA
444.4,0.11811023622047245,23.086614173228348,31.572440944881873,0.8188976377952756,82.87874015748032,53010.25680000002,7250.0,LAGUNAS
443.0,0.11811023622047245,23.100000000000005,31.680314960629932,0.8267716535433071,83.20464566929134,53985.515999999996,5625.0,LAGUNAS
674.0000000000001,0.1732283464566929,22.955905511811018,31.73937007874016,0.8188976377952756,81.32023622047242,50574.258,5555.0,LAGUNAS
680.4000000000002,0.1732283464566929,22.940944881889767,31.75196850393701,0.8188976377952756,81.29582677165355,50450.7984,6053.0,LAGUNAS
631.6,0.15748031496062992,22.944094488188966,31.91181102362205,0.8346456692913385,80.7031496062992,50462.7384,8625.0,LAGUNAS
631.6,0.15748031496062992,22.944094488188966,31.91181102362205,0.8346456692913385,80.7031496062992,50462.7384,5750.0,LAGUNAS
569.3999999999999,0.14173228346456693,22.956692913385826,32.01023622047244,0.8503937007874016,80.39889763779524,50538.6768,5862.0,LAGUNAS
544.4,0.14173228346456693,22.977952755905513,32.02519685039371,0.8503937007874016,80.29622047244091,50537.00519999999,7375.0,LAGUNAS
532.1999999999998,0.14173228346456693,22.975590551181106,32.07559055118111,0.8503937007874016,80.07251968503934,50553.95999999999,6266.0,LAGUNAS
572.8000000000002,0.13385826771653545,22.742519685039376,32.855118110236226,0.905511811023622,76.88787401574804,53683.434,6500.0,LAGUNAS
544.0,0.11811023622047245,22.734645669291343,32.71102362204723,0.8897637795275591,77.06543307086612,53864.2056,5687.5,LAGUNAS
664.0,0.14960629921259844,22.725196850393704,32.483464566929136,0.8582677165354331,77.95078740157484,54627.6492,7000.0,LAGUNAS
662.2,0.14960629921259844,22.744094488188978,32.48425196850395,0.8582677165354331,77.95188976377956,54688.782,5562.5,LAGUNAS
732.6,0.16535433070866146,22.72677165354331,32.38818897637796,0.84251968503937,78.33149606299217,54412.2516,5000.0,LAGUNAS
737.8000000000003,0.16535433070866146,22.6984251968504,32.24173228346457,0.8267716535433071,79.24236220472443,54388.1328,5625.0,LAGUNAS
737.7999999999997,0.16535433070866146,22.71732283464568,32.16220472440945,0.8110236220472441,79.60000000000002,54209.5104,6937.5,LAGUNAS
751.3999999999999,0.16535433070866146,22.72834645669292,32.16299212598426,0.8267716535433071,79.80692913385825,54348.0144,5375.0,LAGUNAS
733.7999999999997,0.15748031496062992,22.721259842519693,32.10157480314962,0.8110236220472441,79.9355118110236,54192.31680000001,7312.5,LAGUNAS
791.0000000000001,0.16535433070866146,22.70866141732284,32.02913385826772,0.8110236220472441,80.31212598425196,54040.44,4437.5,LAGUNAS
813.0,0.1732283464566929,22.722047244094487,31.94015748031497,0.8031496062992126,80.72322834645665,53762.7156,5812.5,LAGUNAS
889.0,0.1889763779527559,22.829133858267717,31.753543307086616,0.8110236220472441,82.27456692913384,53249.29560000001,4687.5,LAGUNAS
903.1999999999997,0.1889763779527559,22.840157480314964,31.729133858267716,0.8110236220472441,82.73653543307084,53157.83520000001,5625.0,LAGUNAS
907.0,0.1889763779527559,22.83307086614173,31.74724409448818,0.8110236220472441,82.82637795275588,53479.97640000001,7041.6,LAGUNAS
907.0,0.1889763779527559,22.83307086614173,31.74724409448818,0.8110236220472441,82.82637795275588,53479.97640000001,5312.0,LAGUNAS
908.6,0.1889763779527559,22.91259842519685,31.61889763779527,0.8031496062992126,83.20039370078739,52827.335999999996,5375.0,LAGUNAS
930.6,0.1968503937007874,22.90866141732285,31.545669291338573,0.7874015748031497,83.4950393700787,52338.0348,5043.5,LAGUNAS
895.8,0.1889763779527559,22.92207687120723,31.48549569126925,0.7795275590551181,83.71068507614294,52179.5406694948,5812.5,LAGUNAS
684.5999999999998,0.14960629921259844,22.94758894379025,31.984495638628093,0.84251968503937,80.78393495680415,50193.60753369332,5750.0,LAGUNAS
684.5999999999998,0.14960629921259844,22.94758894379025,31.984495638628093,0.84251968503937,80.78393495680415,50193.60753369332,7125.0,LAGUNAS
644.2,0.14173228346456693,22.88695902253041,32.04118855201393,0.8110236220472441,79.67063782273448,50058.70377396724,6562.5,LAGUNAS
631.3999999999999,0.13385826771653545,22.87987240835718,32.016779103195034,0.8110236220472441,79.65583467312821,50029.57017396724,6875.0,LAGUNAS
639.8,0.13385826771653545,22.86569918001072,32.034889339415514,0.8110236220472441,79.43992916131718,50153.268573967216,6287.0,LAGUNAS
509.4,0.11023622047244094,22.998770046152448,32.171897213431265,0.84251968503937,78.8119764054117,50812.356573967234,6875.0,LAGUNAS
521.9999999999999,0.11023622047244094,22.96141732283463,32.236258878907925,0.84251968503937,78.51326431621122,51116.86429816528,6875.0,LAGUNAS
501.8,0.10236220472440943,22.95826771653541,32.276416359222885,0.84251968503937,78.39314958760353,51108.15759456698,6250.0,LAGUNAS
501.6,0.10236220472440943,22.889763779527545,32.34964470567959,0.8503937007874016,78.27740155610745,51347.196394566985,6229.0,LAGUNAS
506.0,0.10236220472440943,22.92362204724409,32.32838486315991,0.8503937007874016,78.50283462697361,51488.08839456699,6562.5,LAGUNAS
506.0,0.10236220472440943,22.92362204724409,32.32838486315991,0.8503937007874016,78.50283462697361,51488.08839456699,5169.0,LAGUNAS
508.6,0.10236220472440943,22.88976377952755,32.327597461585114,0.84251968503937,78.4796062805169,51677.93439456698,6148.0,LAGUNAS
508.6,0.10236220472440943,22.88976377952755,32.327597461585114,0.84251968503937,78.4796062805169,51677.93439456698,6562.0,LAGUNAS
508.60000000000014,0.10236220472440943,22.8763779527559,32.32208565056148,0.84251968503937,78.4544094301232,51557.101594566986,5312.5,LAGUNAS
445.80000000000007,0.08661417322834647,22.83858267716536,32.299251004892184,0.8188976377952756,77.88228344587122,50887.66941479585,6981.0,LAGUNAS
445.8,0.08661417322834647,22.839370078740156,32.30003840646699,0.8188976377952756,77.80142727537924,50971.57314071027,5750.0,LAGUNAS
457.4,0.08661417322834647,23.059055118110237,32.58897637795276,0.8503937007874016,76.78346456692917,54360.17847861383,6250.0,LAGUNAS
438.8,0.08661417322834647,23.10866141732284,32.733858267716535,0.8582677165354331,75.87787401574803,53771.3124,6562.5,LAGUNAS
443.4,0.08661417322834647,23.109448818897643,32.735433070866144,0.8582677165354331,75.88929133858267,53634.48,6875.0,LAGUNAS
436.0,0.08661417322834647,23.08031496062993,32.72992125984252,0.8503937007874016,75.71275590551181,53259.64536109673,5000.0,LAGUNAS
423.0,0.07874015748031496,23.10708661417324,32.8244094488189,0.8503937007874016,75.05889763779525,53338.449361096726,5625.0,LAGUNAS
170.00000000000003,0.03937007874015748,23.18976377952756,33.38897637795275,0.8897637795275591,71.52582696179222,53086.018808570596,6875.0,LAGUNAS
169.39999999999995,0.03937007874015748,23.202362204724412,33.488188976377955,0.8897637795275591,70.89259861533553,53145.24120857059,6250.0,LAGUNAS
158.19999999999996,0.031496062992125984,23.187401574803147,33.82362204724409,0.8976377952755905,69.32433089880014,54348.7932085706,5625.0,LAGUNAS
164.0,0.031496062992125984,23.15196850393701,33.820472440944876,0.8897637795275591,68.97078759171349,54112.36990795278,5515.0,LAGUNAS
151.39999999999995,0.031496062992125984,23.18661417322835,33.85433070866141,0.8897637795275591,68.53133877281587,54256.84390795278,5250.0,LAGUNAS
297.6,0.06299212598425198,23.269291338582672,33.40078740157481,0.84251968503937,70.77126003265839,53181.23648940515,5000.0,LAGUNAS
305.0,0.07086614173228346,23.361417322834647,33.400787401574824,0.8582677165354331,70.9314962531308,52920.22808940514,6562.0,LAGUNAS
305.0,0.07086614173228346,23.361417322834647,33.400787401574824,0.8582677165354331,70.9314962531308,52920.22808940514,6125.0,LAGUNAS
281.3999999999999,0.06299212598425198,23.361417322834647,33.36220472440946,0.8503937007874016,71.00503956021741,52672.11488940514,6250.0,LAGUNAS
636.5,0.12598425196850396,22.63307086614173,34.208485556190496,0.9527559055118108,71.63376758815491,53199.86400000001,6250.0,MOCARI
644.4,0.12598425196850396,22.930708661417327,34.08711352260353,0.9527559055118108,73.18736149925726,52258.51440000001,4125.0,MOCARI
634.8999999999999,0.12598425196850396,22.962204724409453,34.05561745961141,0.9527559055118108,73.451252732284,52235.58959999999,6750.0,MOCARI
622.8,0.11811023622047245,22.97795275590552,34.052467853312194,0.9527559055118108,73.46700076378006,52248.48479999999,7375.0,MOCARI
620.3000000000002,0.11023622047244094,23.02992125984251,34.228845806068094,0.9527559055118108,73.17983949472152,52461.2556,7625.0,MOCARI
861.4999999999999,0.2125984251968504,22.772952899514646,32.925550724315876,0.8897637795275591,76.05853474461875,50053.1964,7812.0,MOCARI
900.5,0.2283464566929134,22.78708336098413,32.78224363770171,0.8818897637795275,76.52929995485572,49774.5168,8250.0,MOCARI
890.7,0.2283464566929134,22.78139710698317,32.68933025187494,0.8740157480314961,76.68141125174981,49628.3712,6875.0,MOCARI
643.0999999999998,0.16535433070866146,22.84468657230215,32.434449932989786,0.8582677165354331,76.61342783960495,52630.56479999999,5875.0,MOCARI
444.8,0.11811023622047245,23.091338582677164,31.555905511811012,0.8188976377952756,82.97677165354328,53209.41600000001,5550.0,MOCARI
634.7999999999997,0.14960629921259844,22.901919652451678,32.10418067799817,0.8346456692913385,79.74402364950619,49865.514573967215,7187.5,MOCARI
634.9,0.12598425196850396,22.63622047244095,34.202186343592075,0.9527559055118108,71.67313766689506,53177.65560000001,5843.0,ONLY RICE 228
576.2999999999997,0.11811023622047245,22.78897637795276,34.142343823907034,0.9527559055118108,72.14939335263499,52601.90879999999,5625.0,ONLY RICE 228
642.9000000000002,0.12598425196850396,22.9716535433071,34.04616864071378,0.9527559055118108,73.42867666780658,52228.4256,6562.0,ONLY RICE 228
634.8999999999999,0.12598425196850396,22.962204724409453,34.05561745961141,0.9527559055118108,73.451252732284,52235.58959999999,5375.0,ONLY RICE 228
622.0999999999998,0.11811023622047245,23.00472440944883,34.10601116039881,0.9606299212598424,73.34889052755962,52235.58959999999,5625.0,ONLY RICE 228
626.3000000000002,0.12598425196850396,23.01574803149607,34.1548300580366,0.9606299212598424,73.226032739145,52253.022,4062.0,ONLY RICE 228
629.2,0.12598425196850396,23.02677165354331,34.1548300580366,0.9606299212598424,73.26191355497541,52220.0676,5687.0,ONLY RICE 228
621.7,0.11811023622047245,23.012598425196856,34.12805840449329,0.9606299212598424,73.37596554750705,52234.6344,4750.0,ONLY RICE 228
582.3,0.11023622047244094,23.002246529211217,34.49412700933591,0.9606299212598424,71.75541279053462,52010.87880000001,4375.0,ONLY RICE 228
641.8000000000002,0.12598425196850396,23.01889040000063,34.420111261304434,0.9527559055118108,71.92893967379587,50802.073200000006,3437.0,ONLY RICE 228
636.2,0.13385826771653545,23.019645407102946,34.36185447947151,0.9527559055118108,72.04789846784931,50891.62320000001,3875.0,ONLY RICE 228
697.5,0.15748031496062992,23.000084123665903,34.291415339102265,0.9448818897637796,72.56908965807965,51490.5336,5000.0,ONLY RICE 228
697.5,0.15748031496062992,23.00796229259816,34.26149407925973,0.9448818897637796,72.52760695245404,51509.3988,5625.0,ONLY RICE 228
734.7,0.16535433070866146,22.988028443385325,34.253620063511704,0.9448818897637796,72.51659409222641,51555.0096,4562.5,ONLY RICE 228
753.2,0.1732283464566929,22.90051408282316,34.148108252488086,0.9448818897637796,72.93441852552453,51641.9328,3925.0,ONLY RICE 228
847.6,0.1889763779527559,22.877780674573625,34.03157281941722,0.9448818897637796,73.43058683620859,51625.6944,6500.0,ONLY RICE 228
826.0,0.1968503937007874,22.83249117339186,33.56070667768492,0.9212598425196852,74.62633032756528,50686.9716,7500.0,ONLY RICE 228
826.0000000000001,0.1968503937007874,22.83698264727471,33.510312976897524,0.9212598425196852,74.79168465827394,50660.9424,4375.0,ONLY RICE 228
766.6999999999997,0.1968503937007874,22.820301926230808,33.28984053595264,0.9133858267716536,75.20728488532583,50602.4364,4375.0,ONLY RICE 228
892.8,0.2283464566929134,22.792222223637967,32.74917277155997,0.8740157480314961,76.59817332918298,49733.44319999999,4187.0,ONLY RICE 228
891.6000000000001,0.2283464566929134,22.80516245479928,32.720826314867075,0.8740157480314961,76.68928526749782,49687.3548,5625.0,ONLY RICE 228
903.1999999999997,0.1889763779527559,22.840157480314964,31.729133858267716,0.8110236220472441,82.73653543307084,53157.83520000001,5062.5,ONLY RICE 228
443.4,0.08661417322834647,23.109448818897643,32.735433070866144,0.8582677165354331,75.88929133858267,53634.48,7125.0,ORYZICA 1
439.4,0.08661417322834647,23.10314960629922,32.79055118110236,0.8661417322834646,75.6471653543307,53771.87136109674,6428.0,ORYZICA 1
631.6999999999998,0.12598425196850396,22.705511811023626,34.11557217036372,0.9527559055118108,72.15516372301168,52880.82720000001,3000.0,PANORAMA 
454.20000000000016,0.12598425196850396,23.03497429926961,31.62519685039368,0.8267716535433071,81.83055118110241,52894.43879999999,6305.0,PANORAMA 
466.0,0.12598425196850396,23.04678532289165,31.459842519685026,0.8110236220472441,82.70393700787403,52161.084,10125.0,PANORAMA 
709.0000000000001,0.1968503937007874,23.028346456692912,31.703149606299228,0.8267716535433071,83.01751819334244,53856.08640000001,6250.0,PANORAMA 
740.2,0.2047244094488189,22.989763779527554,31.51732283464569,0.8110236220472441,83.10035283901179,52583.76,6250.0,PANORAMA 
169.2,0.03937007874015748,23.20472440944882,33.43464566929134,0.8897637795275591,71.1718899539182,52993.84200857059,6218.0,PANORAMA 
169.39999999999995,0.03937007874015748,23.202362204724412,33.479527559055114,0.8897637795275591,71.00228365470564,53283.26760857058,6250.0,PANORAMA 
576.3,0.11811023622047245,22.883464566929145,34.134349648102024,0.9527559055118108,72.52264649964775,52386.75000000001,5000.0,SAN JUAN
576.3,0.11811023622047245,22.883464566929145,34.134349648102024,0.9527559055118108,72.52264649964775,52386.75000000001,6250.0,SAN JUAN
546.2000000000002,0.14960629921259844,22.844132319640146,32.41641214954192,0.8661417322834646,76.49957748850647,52331.82600000001,6562.0,SAN JUAN
546.2000000000002,0.14960629921259844,22.844132319640146,32.41641214954192,0.8661417322834646,76.49957748850647,52331.82600000001,6125.0,SAN JUAN
388.5,0.10236220472440943,23.005389025950137,32.48677883713856,0.8661417322834646,77.07860469149513,54201.15239999999,8250.0,SAN JUAN
447.00000000000006,0.12598425196850396,23.02473807879716,31.870866141732265,0.8267716535433071,80.37692913385828,54203.7792,8563.0,VENEZUELA 21
709.6,0.1968503937007874,23.036220472440945,31.667716535433094,0.8188976377952756,83.09594339019282,53567.61600000001,6562.5,YAGUARA
281.3999999999999,0.06299212598425198,23.361417322834647,33.36220472440946,0.8503937007874016,71.00503956021741,52672.11488940514,4375.0,YUMA
136.4,0.031496062992125984,22.713335634711786,33.689775301134674,0.968503937007874,73.71309932163206,51509.6376,6562.0,CIMARRON BARINAS
148.0,0.047244094488188976,22.6787858580763,34.46354548558797,0.9921259842519684,70.31487748998073,51559.7856,6214.0,CIMARRON BARINAS
160.6,0.047244094488188976,22.65201420453299,34.28559272968246,0.9763779527559056,70.79694632691546,51495.7872,6260.0,CIMARRON BARINAS
125.70000000000002,0.031496062992125984,22.76687894179841,33.88505089168586,0.9763779527559056,72.979614095657,51461.1612,6875.0,CIMARRON BARINAS
778.1999999999997,0.1732283464566929,22.628047399970203,32.24303826937376,0.8976377952755905,76.88265944921609,52417.794,7500.0,CIMARRON BARINAS
674.6,0.14960629921259844,22.584251968503928,32.135951655200536,0.8740157480314961,76.47423576790759,52472.718,8437.0,CIMARRON BARINAS
799.7,0.1889763779527559,22.633974823207488,32.18901912278924,0.8740157480314961,77.84867235450494,53077.12079999999,9060.0,CIMARRON BARINAS
789.0,0.16535433070866146,22.584654705612834,32.21469181268085,0.8740157480314961,76.55314403066586,52116.1896,8333.0,CIMARRON BARINAS
799.7,0.1889763779527559,22.633974823207488,32.18901912278924,0.8740157480314961,77.84867235450494,53077.12079999999,8477.0,CIMARRON BARINAS
253.8,0.06299212598425198,22.581148062800693,34.88256328344025,0.9921259842519684,68.1518565404833,52054.81799999999,6875.0,CIMARRON BARINAS
704.8000000000003,0.14960629921259844,22.62244998120337,32.279258741814715,0.8897637795275591,76.4017812315367,52193.08320000001,8125.0,CIMARRON BARINAS
675.6,0.14960629921259844,22.56535433070866,32.202093387484005,0.8818897637795275,76.35817183011193,52517.37359999999,6900.0,CIMARRON BARINAS
285.3,0.07086614173228346,22.505557511619593,34.84749014154092,0.9842519685039368,68.29895676500996,53738.35800000001,4687.5,CIMARRON BARINAS
702.8000000000003,0.14960629921259844,22.62874919380181,32.28555795441314,0.8897637795275591,76.38603320004064,52181.6208,8375.0,CIMARRON BARINAS
255.0,0.06299212598425198,22.560675621855818,34.71551398952497,0.9921259842519684,69.31631195419294,51872.13600000001,8190.0,CIMARRON BARINAS
836.9,0.1889763779527559,22.52849968326403,32.2514266659404,0.8503937007874016,78.20651670016436,52647.04200000001,7375.0,CIMARRON BARINAS
738.6000000000001,0.15748031496062992,22.62244998120337,32.24933748197219,0.8818897637795275,76.42951513578484,52162.5168,8750.0,CIMARRON BARINAS
255.0,0.06299212598425198,22.57799845650148,34.781775881865435,0.9921259842519684,68.69342248406019,51965.0292,5547.0,CIMARRON BARINAS
304.00000000000006,0.07086614173228346,22.52047244094489,34.87584624725391,0.9842519685039368,68.17852393349425,54457.3848,4375.0,CIMARRON BARINAS
773.4,0.1732283464566929,22.61702377792296,32.26809086025382,0.8976377952755905,76.97642888221652,52558.2084,8125.0,CIMARRON BARINAS
136.79999999999998,0.031496062992125984,22.733808075656672,33.729145379874836,0.968503937007874,73.51073749458006,51466.8924,8750.0,CIMARRON BARINAS
184.5,0.05511811023622047,22.71973073996606,33.992137505859084,0.968503937007874,72.18843950002575,51389.5212,7562.0,CIMARRON BARINAS
128.79999999999998,0.031496062992125984,22.73538287880627,33.77481467121342,0.968503937007874,73.33394480431842,51446.83320000001,6875.0,CIMARRON BARINAS
558.6999999999998,0.13385826771653545,22.56136713077477,32.90116570225404,0.9133858267716536,76.35861774711043,51766.82520000002,6100.0,CIMARRON BARINAS
183.2,0.05511811023622047,22.675636251777078,34.13756123361947,0.968503937007874,71.53180137031465,51450.654,8125.0,CIMARRON BARINAS
784.4000000000003,0.1732283464566929,22.57922850233241,32.26351071031864,0.905511811023622,76.59144772128224,52362.1536,8750.0,CIMARRON BARINAS
789.0,0.16535433070866146,22.584654705612834,32.21469181268085,0.8740157480314961,76.55314403066586,52116.1896,8750.0,CIMARRON BARINAS
255.0,0.06299212598425198,22.581148062800693,34.61000217850134,0.9921259842519684,69.5898993896885,51760.8552,6000.0,CIMARRON BARINAS
863.1000000000001,0.1968503937007874,22.57144223655041,32.149179454803715,0.8503937007874016,78.26698116236409,52451.22600000001,9437.0,CIMARRON BARINAS
567.7,0.10236220472440943,22.60957159228457,32.43110300692515,0.9212598425196852,75.32198909400887,43692.9972,8250.0,CIMARRON BARINAS
471.0,0.12598425196850396,22.868001571569838,32.40803867965825,0.8582677165354331,76.35126548596224,52763.81520000001,6875.0,COLOMBIA XXI
509.40000000000015,0.10236220472440943,22.848818897637788,32.315786437963055,0.8346456692913385,78.17157478445391,51368.68839456699,7000.0,COLOMBIA XXI
733.0,0.16535433070866146,22.727559055118107,32.36220472440946,0.84251968503937,78.44307086614177,54474.5784,7500.0,COLOMBIA XXI
136.79999999999998,0.031496062992125984,22.733808075656672,33.729145379874836,0.968503937007874,73.51073749458006,51466.8924,7500.0,COLOMBIA XXI
136.79999999999998,0.031496062992125984,22.733808075656672,33.729145379874836,0.968503937007874,73.51073749458006,51466.8924,6875.0,COLOMBIA XXI
375.0,0.10236220472440943,23.041572258215552,32.144259152099195,0.8267716535433071,78.63875610887669,54174.4068,6250.0,COLOMBIA XXI
375.0,0.10236220472440943,23.048866704444947,32.15292056942202,0.8267716535433071,78.59544902226253,54077.6928,8500.0,COLOMBIA XXI
229.3,0.06299212598425198,22.615697839436198,33.38898789955986,0.9527559055118108,74.50376593276309,51712.3788,5812.0,COLOMBIA XXI
148.0,0.03937007874015748,22.667666343373213,33.612609946803964,0.968503937007874,73.97106957112517,51636.918,5375.0,COLOMBIA XXI
831.8,0.1968503937007874,22.65129765785316,32.150943415023015,0.8661417322834646,78.30751780875076,52975.15319999999,6800.0,COPROSEM 304
184.5,0.05511811023622047,22.71973073996606,33.992137505859084,0.968503937007874,72.18843950002575,51389.5212,5937.0,COPROSEM 304
675.1,0.14173228346456693,22.61930037490417,32.30603039535802,0.8976377952755905,76.3413117927777,52242.5148,7937.0,COPROSEM 304
872.5,0.1889763779527559,22.646573248404327,32.14325346016577,0.8582677165354331,78.47132051479575,53137.53719999999,10000.0,COPROSEM 304
817.8,0.1889763779527559,22.648148051553946,32.163541840219864,0.8661417322834646,78.10341766319698,53327.38319999999,6300.0,COPROSEM 304
179.60000000000005,0.05511811023622047,22.652014204532986,34.191104540706085,0.968503937007874,71.22214317730916,51465.93719999999,8187.0,COPROSEM 304
688.3999999999999,0.13385826771653545,22.584980734456202,32.22462555024491,0.8976377952755905,75.9726618556486,46160.99520000001,7500.0,COPROSEM 304
160.6,0.047244094488188976,22.65201420453299,34.28559272968246,0.9763779527559056,70.79694632691546,51495.7872,7000.0,F2000
675.1,0.14173228346456693,22.61930037490417,32.30603039535802,0.8976377952755905,76.3413117927777,52242.5148,7000.0,F2000
674.6,0.14960629921259844,22.584251968503928,32.135951655200536,0.8740157480314961,76.47423576790759,52472.718,7000.0,F275
675.1,0.14173228346456693,22.61930037490417,32.30603039535802,0.8976377952755905,76.3413117927777,52242.5148,8500.0,F275
458.30000000000007,0.11811023622047245,22.572390752822024,32.920063340049325,0.9133858267716536,76.16964136915769,52128.3684,6250.0,F275
471.0,0.12598425196850396,22.87896628678277,32.432448128477155,0.8582677165354331,76.51869711586855,52955.09400000001,7312.0,F275
674.6,0.14960629921259844,22.584251968503928,32.135951655200536,0.8740157480314961,76.47423576790759,52472.718,9062.0,F275
840.1,0.1889763779527559,22.57922850233241,32.177995500741986,0.8740157480314961,77.71663967645362,52787.2176,8375.0,F275
123.50000000000004,0.031496062992125984,22.782626973294462,33.914972151528374,0.9763779527559056,72.8883993460099,51452.5644,7250.0,F275
169.39999999999995,0.047244094488188976,22.78429766909992,33.93072018302445,0.968503937007874,72.6930452578286,51360.38760000001,7812.0,F275
271.9,0.06299212598425198,22.518155936816438,34.88528541713145,0.9842519685039368,68.09367892869392,53863.2504,5250.0,F275
729.5000000000001,0.15748031496062992,22.630323996951407,32.28713275756275,0.8897637795275591,76.38603320004064,52185.2028,8220.0,F275
800.2,0.1889763779527559,22.606000155875712,32.154373453497904,0.8740157480314961,77.86240736326153,52912.34879999999,8437.0,F275
567.7,0.10236220472440943,22.642180872148515,32.438977022673186,0.9291338582677166,75.32115848422548,42070.1124,6875.0,F369 + F473
289.9,0.07086614173228346,22.51973073996605,34.915257465517485,0.9842519685039368,68.09475534315715,53948.74079999999,9000.0,F473
128.79999999999998,0.031496062992125984,22.73538287880627,33.77481467121342,0.968503937007874,73.33394480431842,51446.83320000001,7250.0,F473
686.3000000000002,0.15748031496062992,22.577856863249675,32.8145611780458,0.9133858267716536,76.40657347661045,52719.876,7812.0,F50
758.8,0.1811023622047244,22.600903957065743,32.37325947635792,0.8976377952755905,78.44690642189214,53583.6156,6750.0,F50
789.0,0.16535433070866146,22.5767806898648,32.23988866307455,0.8818897637795275,76.5038633323483,52091.3544,9375.0,F50
675.1,0.14173228346456693,22.61930037490417,32.30603039535802,0.8976377952755905,76.3413117927777,52242.5148,9207.0,F60
322.6,0.09448818897637797,22.54325689455431,33.03177322359807,0.9133858267716536,75.49177381073794,51810.5256,7375.0,F60
674.6,0.14960629921259844,22.584251968503928,32.135951655200536,0.8740157480314961,76.47423576790759,52472.718,8437.0,F60
437.2,0.09448818897637797,22.57007874015748,34.842876521185474,0.9842519685039368,68.5870982867921,54424.90799999999,6250.0,F60
725.6000000000001,0.16535433070866146,22.547935603407144,32.71219897332139,0.905511811023622,76.84238064583599,52737.06960000001,7200.0,F60
364.4,0.10236220472440943,22.945412000785822,32.26709379776848,0.84251968503937,76.89001112242806,52644.1764,8125.0,F60
626.3,0.14173228346456693,22.58897637795275,32.17217212764148,0.8818897637795275,76.30100858488034,52478.688,8125.0,F60
702.8000000000003,0.14960629921259844,22.62874919380181,32.28555795441314,0.8897637795275591,76.38603320004064,52181.6208,6500.0,F60
622.0999999999998,0.11811023622047245,22.603042998688412,32.4268155171452,0.9133858267716536,75.48591725429746,38439.3972,8125.0,F60
831.8,0.1968503937007874,22.65129765785316,32.150943415023015,0.8661417322834646,78.30751780875076,52975.15319999999,7312.0,F60
772.1,0.1732283464566929,22.62332299052139,32.238169600411304,0.8897637795275591,77.1005657344362,52579.2228,7630.0,F60
784.4000000000003,0.1732283464566929,22.57292928973398,32.25878630086983,0.905511811023622,76.66328076174041,52391.28720000001,9083.0,F60
632.1999999999998,0.14173228346456693,22.686614173228346,32.611023622047256,0.8740157480314961,77.37188976377955,53798.7744,6875.0,F60
471.8,0.12598425196850396,22.85850923848783,32.36680585032932,0.8582677165354331,76.4482025356415,51985.08839999999,7500.0,F60
574.1999999999998,0.13385826771653545,22.759055118110236,32.844094488188965,0.8976377952755905,77.01307086614172,53438.42519999999,5625.0,F733
685.0,0.15748031496062992,22.735433070866147,32.43464566929134,0.8503937007874016,78.17858267716541,54536.1888,6400.0,F733
665.4000000000002,0.14960629921259844,22.731496062992125,32.48976377952756,0.8582677165354331,77.93220472440949,54714.57240000001,7375.0,F733
574.1999999999998,0.13385826771653545,22.759055118110236,32.844094488188965,0.8976377952755905,77.01307086614172,53438.42519999999,6875.0,F733
509.40000000000015,0.10236220472440943,22.848818897637788,32.315786437963055,0.8346456692913385,78.17157478445391,51368.68839456699,6875.0,F733
509.40000000000015,0.10236220472440943,22.848818897637788,32.315786437963055,0.8346456692913385,78.17157478445391,51368.68839456699,7062.5,F733
559.0,0.13385826771653545,22.755118110236225,32.807086614173244,0.8976377952755905,77.07370078740156,53037.2412,6250.0,F733
686.0,0.14960629921259844,22.704724409448826,32.54251968503937,0.8661417322834646,77.6292913385827,54480.0708,6562.0,F733
445.6,0.08661417322834647,22.790551181102362,32.387401574803164,0.8267716535433071,77.45583672419816,51795.02184027392,6875.0,F733
558.6,0.13385826771653545,22.768503937007882,32.82283464566929,0.8976377952755905,76.99228346456694,52997.6004,8500.0,F733
567.3999999999999,0.12598425196850396,22.7236220472441,32.69921259842519,0.8897637795275591,77.10834645669289,53930.59199999999,6218.0,F733
574.0,0.12598425196850396,22.73307086614173,32.72283464566929,0.8897637795275591,77.13212598425197,54375.71520000001,6300.0,F733
574.0,0.12598425196850396,22.73307086614173,32.72283464566929,0.8897637795275591,77.13212598425197,54375.71520000001,6250.0,F733
733.0,0.16535433070866146,22.73937007874016,32.348031496063,0.84251968503937,78.5825196850394,54607.8288,7717.0,F733
733.0,0.16535433070866146,22.727559055118107,32.36220472440946,0.84251968503937,78.44307086614177,54474.5784,7631.0,F733
733.0,0.16535433070866146,22.727559055118107,32.36220472440946,0.84251968503937,78.44307086614177,54474.5784,7916.0,F733
555.9,0.14960629921259844,22.827159524429717,32.51870190149372,0.8661417322834646,76.11623357656201,52259.2308,7187.5,F733
558.6,0.13385826771653545,22.762992125984248,32.81259842519685,0.8976377952755905,77.01464566929133,52985.42160000001,8083.0,F733
734.7,0.16535433070866146,22.988028443385325,34.253620063511704,0.9448818897637796,72.51659409222641,51555.0096,6200.0,F733
743.4,0.1811023622047244,22.76041899699192,33.01059009439462,0.8897637795275591,75.75205914200413,50302.02600000001,6500.0,F733
624.1999999999998,0.11811023622047245,22.565247723097873,32.472484808483784,0.9212598425196852,75.42213478648614,38661.9588,8520.0,F733
385.6,0.10236220472440943,23.093533393991688,32.33087332532755,0.84251968503937,77.89528773932022,54067.1856,7125.0,F733
879.1,0.1968503937007874,22.671770098798042,32.199946373551604,0.8661417322834646,78.52831730901786,53236.87799999998,6875.0,FORTALEZA
831.8,0.1968503937007874,22.65129765785316,32.150943415023015,0.8661417322834646,78.30751780875076,52975.15319999999,7875.0,FORTALEZA
800.2,0.1889763779527559,22.606000155875712,32.154373453497904,0.8740157480314961,77.86240736326153,52912.34879999999,7625.0,FORTALEZA
786.4000000000003,0.1732283464566929,22.595678327660075,32.27295952921629,0.905511811023622,76.47333748506178,52326.3336,9200.0,Fortaleza + Pastrana
681.8,0.1811023622047244,23.040944881889768,31.900787401574807,0.8346456692913385,82.57153394137394,54932.1192,7062.5,LAGUNAS
726.8000000000003,0.2047244094488189,23.01023622047245,31.573228346456705,0.8110236220472441,83.33476228783059,53110.31400000001,6250.0,LAGUNAS
773.4,0.1732283464566929,22.610724565324546,32.26980992291707,0.8976377952755905,76.92546953863807,52530.03,6750.0,LAGUNAS
709.0000000000001,0.1968503937007874,23.028346456692912,31.703149606299228,0.8267716535433071,83.01751819334244,53856.08640000001,5937.5,LAGUNAS
729.6,0.2047244094488189,22.99055118110236,31.529921259842528,0.8031496062992126,83.47940795712192,52935.99000000001,5750.0,LAGUNAS
693.8000000000003,0.1889763779527559,23.011023622047247,31.78897637795277,0.8267716535433071,82.81145520121645,54579.88920000001,6250.0,LAGUNAS
561.4000000000002,0.12598425196850396,22.933415715443807,32.16638540240762,0.8267716535433071,79.45095278336444,50246.400573967236,5625.0,LAGUNAS
729.6,0.2047244094488189,22.99055118110236,31.529921259842528,0.8031496062992126,83.47940795712192,52935.99000000001,4687.5,LAGUNAS
508.6,0.10236220472440943,22.88976377952755,32.327597461585114,0.84251968503937,78.4796062805169,51677.93439456698,6148.0,LAGUNAS
445.80000000000007,0.08661417322834647,22.83858267716536,32.299251004892184,0.8188976377952756,77.88228344587122,50887.66941479585,6981.0,LAGUNAS
445.8,0.08661417322834647,22.839370078740156,32.30003840646699,0.8188976377952756,77.80142727537924,50971.57314071027,5750.0,LAGUNAS
508.6,0.10236220472440943,22.88976377952755,32.327597461585114,0.84251968503937,78.4796062805169,51677.93439456698,6562.0,LAGUNAS
717.0000000000001,0.1968503937007874,23.00866141732284,31.521259842519694,0.8031496062992126,83.49783315397231,52964.64599999999,6500.0,LAGUNAS
693.2,0.1889763779527559,23.011023622047247,31.77401574803152,0.8267716535433071,82.86066779964163,54348.73080000001,6750.0,LAGUNAS
772.1,0.1732283464566929,22.62332299052139,32.238169600411304,0.8897637795275591,77.1005657344362,52579.2228,5375.0,LAGUNAS
726.8000000000003,0.2047244094488189,22.9992125984252,31.56456692913387,0.8110236220472441,83.40232134294871,53108.8812,6875.0,LAGUNAS
709.0000000000001,0.1968503937007874,23.028346456692912,31.703149606299228,0.8267716535433071,83.01751819334244,53856.08640000001,5750.0,LAGUNAS
644.1999999999998,0.14173228346456693,22.714173228346468,32.4748031496063,0.8582677165354331,77.94314960629924,54477.6828,7375.0,LAGUNAS
733.0,0.16535433070866146,22.727559055118107,32.36220472440946,0.84251968503937,78.44307086614177,54474.5784,6125.0,LAGUNAS
508.60000000000014,0.10236220472440943,22.8763779527559,32.32208565056148,0.84251968503937,78.4544094301232,51557.101594566986,5312.5,LAGUNAS
443.4,0.08661417322834647,23.109448818897643,32.735433070866144,0.8582677165354331,75.88929133858267,53634.48,6875.0,LAGUNAS
717.0,0.1968503937007874,23.007086614173232,31.52519685039371,0.8031496062992126,83.51932921696445,52833.7836,8000.0,LAGUNAS
693.2,0.1889763779527559,23.01732283464567,31.746456692913394,0.8267716535433071,82.92665205161012,54160.7952,5625.0,LAGUNAS
717.0000000000001,0.1968503937007874,23.00866141732284,31.521259842519694,0.8031496062992126,83.49783315397231,52964.64599999999,8250.0,LAGUNAS
693.6,0.1889763779527559,23.00944881889764,31.80314960629922,0.8267716535433071,82.74413236657077,54653.9172,6875.0,LAGUNAS
438.8,0.08661417322834647,23.10866141732284,32.733858267716535,0.8582677165354331,75.87787401574803,53771.3124,6562.5,LAGUNAS
457.4,0.08661417322834647,23.059055118110237,32.58897637795276,0.8503937007874016,76.78346456692917,54360.17847861383,6250.0,LAGUNAS
436.0,0.08661417322834647,23.08031496062993,32.72992125984252,0.8503937007874016,75.71275590551181,53259.64536109673,5000.0,LAGUNAS
685.2,0.14960629921259844,22.69370078740157,32.56456692913386,0.8661417322834646,77.5161417322835,54612.36599999999,5625.0,LAGUNAS
423.0,0.07874015748031496,23.10708661417324,32.8244094488189,0.8503937007874016,75.05889763779525,53338.449361096726,5625.0,LAGUNAS
681.2,0.1811023622047244,23.04015748031496,31.85748031496063,0.8346456692913385,82.62862055554717,54883.404,6875.0,LAGUNAS
811.6,0.1889763779527559,22.70801119844987,32.31776163246798,0.8976377952755905,76.91595605664006,43901.9472,7125.0,LAGUNAS
738.8000000000003,0.2047244094488189,22.98425196850393,31.506299212598442,0.8031496062992126,83.07405362641337,52314.8712,5562.0,MOCARI
743.2,0.1968503937007874,22.96929133858267,31.58188976377955,0.8188976377952756,82.83220472440942,51388.566,4815.0,MOCARI
719.8,0.1968503937007874,22.955905511811018,31.576377952755927,0.8110236220472441,82.87373866578343,51221.64479999999,4300.0,MOCARI
739.2,0.2047244094488189,22.97480314960629,31.50629921259845,0.8110236220472441,83.01578590987793,51827.95799999998,5125.0,MOCARI
125.2,0.031496062992125984,22.81736853524165,33.941743805071695,0.9763779527559056,72.7717854153089,51407.19240000001,6875.0,ONLY RICE 228
204.2,0.05511811023622047,22.64728979508417,34.60842737535174,0.9921259842519684,69.90893068387771,51646.47,7500.0,ONLY RICE 228
255.0,0.06299212598425198,22.57012444075345,34.715634149581966,0.9921259842519684,69.07961898035482,51896.01599999999,6250.0,ONLY RICE 228
288.3,0.07086614173228346,22.48508507067471,34.858513763588164,0.9842519685039368,68.40919298548239,53628.27120000001,7437.0,ONLY RICE 228
242.6,0.05511811023622047,22.557526015556594,34.903538039473105,0.9921259842519684,67.93665375802719,52096.8468,7187.0,ONLY RICE 228
471.0,0.12598425196850396,22.868001571569838,32.40803867965825,0.8582677165354331,76.35126548596224,52763.81520000001,6923.0,ONLY RICE 228
685.5,0.14173228346456693,23.034600308696646,34.2862639282904,0.9448818897637796,72.26353116288385,51140.69160000001,5600.0,ONLY RICE 228
443.4,0.08661417322834647,23.109448818897643,32.735433070866144,0.8582677165354331,75.88929133858267,53634.48,7125.0,ORYZICA 1
439.4,0.08661417322834647,23.10314960629922,32.79055118110236,0.8661417322834646,75.6471653543307,53771.87136109674,6428.0,ORYZICA 1
289.9,0.07086614173228346,22.51973073996605,34.904233843470244,0.9842519685039368,68.13137604608721,53918.4132,5625.0,PANORAMA 
433.8,0.11811023622047245,22.906031718118573,32.37260560879211,0.8582677165354331,76.60637087670591,52812.76920000002,7500.0,PANORAMA 
588.22,0.07874015748031496,22.968825683886923,33.54459042703713,0.9291338582677166,74.52211454884673,54748.28736213908,7750.0,CIMARRON BARINAS
464.53,0.10236220472440943,23.32100319811882,33.02390141954429,0.8897637795275591,79.01248287279309,51763.51708166039,6875.0,F473
1090.07,0.1732283464566929,23.055905511811037,32.75118110236219,0.8503937007874016,79.06259842519685,54486.51839999999,7875.0,F473
1096.1,0.1732283464566929,23.003937007874022,32.767716535433074,0.8503937007874016,79.02346456692914,54241.2708,6625.0,F473
1090.66,0.1732283464566929,22.999212598425213,32.76692913385826,0.8503937007874016,78.916062992126,54284.015999999996,7000.0,F473
1119.2600000000002,0.1732283464566929,22.967716535433077,32.75669291338582,0.8503937007874016,78.87440944881891,54304.07519999999,5250.0,F473
1123.8099999999997,0.1732283464566929,22.89291338582677,32.662992125984246,0.8582677165354331,78.14354330708666,54224.639713720666,8250.0,F473
681.37,0.11023622047244094,22.93169771304168,33.115711070978215,0.8897637795275591,76.22488496612962,53731.63747862877,6500.0,F473
676.1300000000001,0.11023622047244094,22.95043074959048,33.32262566471281,0.905511811023622,75.52664183883327,54123.098965353965,4438.0,F473
563.8299999999998,0.07086614173228346,23.06591711796112,33.702165598180514,0.968503937007874,73.53499133861187,54324.573724196816,4567.0,F473
654.41,0.12598425196850396,23.000000735058173,33.90479933118477,0.9921259842519684,72.32823831708137,52989.40028937017,6875.0,F473
759.9000000000003,0.15748031496062992,23.002954085210394,33.61921790928583,0.968503937007874,73.98185574128006,52481.908359977686,4187.0,F473
609.89,0.09448818897637797,22.951674029988627,33.44534064314472,0.9133858267716536,74.9221645451506,54479.99161709344,6625.0,F60
609.89,0.09448818897637797,22.951674029988627,33.44534064314472,0.9133858267716536,74.9221645451506,54479.99161709344,6250.0,F60
582.77,0.07874015748031496,22.97459249195385,33.514975259351466,0.9212598425196852,74.55287403705883,54558.02969842983,7313.0,F60
599.2700000000002,0.10236220472440943,22.9859550915839,33.91607306734285,0.9842519685039368,72.24400210932517,53403.1382688669,5625.0,F60
659.8000000000002,0.10236220472440943,22.9390686758152,33.36337857678737,0.905511811023622,75.29927925948019,54125.94934857128,7500.0,F733
609.89,0.09448818897637797,22.951674029988627,33.44534064314472,0.9133858267716536,74.9221645451506,54479.99161709344,6875.0,F733
600.5,0.08661417322834647,22.96044174655448,33.50482951968663,0.9212598425196852,74.6568886021483,54602.06074848447,6688.0,F733
588.22,0.07874015748031496,22.968825683886923,33.54459042703713,0.9291338582677166,74.52211454884673,54748.28736213908,6500.0,F733
582.77,0.07874015748031496,22.97459249195385,33.514975259351466,0.9212598425196852,74.55287403705883,54558.02969842983,5750.0,F733
588.9300000000002,0.07874015748031496,23.06476611784748,33.648612259813774,0.968503937007874,73.56699303419359,54028.78232119435,5178.0,F733
778.3200000000003,0.15748031496062992,22.968358971879173,33.732643283539666,0.9921259842519684,73.79820640382479,52810.759920794735,5729.0,F733
676.1300000000001,0.11023622047244094,22.95043074959048,33.32262566471281,0.905511811023622,75.52664183883327,54123.098965353965,4750.0,LAGUNAS
563.83,0.07086614173228346,23.09487303580244,33.6869161541214,0.968503937007874,73.48630107548405,54092.80243385703,6875.0,LAGUNAS
581.33,0.07874015748031496,23.096612432095927,33.655502693133315,0.968503937007874,73.58867542743207,54130.35743677959,5937.0,LAGUNAS
414.02,0.07874015748031496,22.9356827119688,33.87393052376005,0.9763779527559056,72.3932992649431,53784.94865844597,6875.0,LAGUNAS
414.02,0.07874015748031496,22.9356827119688,33.87393052376005,0.9763779527559056,72.3932992649431,53784.94865844597,5000.0,LAGUNAS
414.02,0.07874015748031496,22.9356827119688,33.87393052376005,0.9763779527559056,72.3932992649431,53784.94865844597,6250.0,LAGUNAS
778.3200000000003,0.15748031496062992,22.968358971879173,33.732643283539666,0.9921259842519684,73.79820640382479,52810.759920794735,3437.0,LAGUNAS
739.0499999999997,0.14960629921259844,22.968682588949623,33.49404235449825,0.9527559055118108,74.42856376949818,51611.639225111874,6250.0,LAGUNAS
1119.2600000000002,0.1732283464566929,22.967716535433077,32.75669291338582,0.8503937007874016,78.87440944881891,54304.07519999999,5625.0,ORYZICA 1
609.89,0.09448818897637797,22.951674029988627,33.44534064314472,0.9133858267716536,74.9221645451506,54479.99161709344,5375.0,ORYZICA 1
1158.83,0.1889763779527559,23.01518592695683,32.339470034510825,0.8110236220472441,81.36769173017119,53760.87829696416,6500.0,PANORAMA 
681.37,0.11023622047244094,22.93169771304168,33.115711070978215,0.8897637795275591,76.22488496612962,53731.63747862877,8000.0,TAILANDIA ORO
462.62000000000006,0.08661417322834647,22.93951040333407,33.875561924438536,0.9763779527559056,72.3432180162792,53723.299318505036,6875.0,VENEZUELA 21
489.09000000000015,0.08661417322834647,22.95543047420028,33.90300471054481,0.9842519685039368,72.17662093748636,53621.57803744893,5000.0,VENEZUELA 21
663.9599999999998,0.12598425196850396,23.01892245976438,33.90343188195068,0.9921259842519684,72.38995134401827,53030.9689437483,5625.0,VENEZUELA 21
742.85,0.14960629921259844,22.933840113372913,33.32463608385964,0.937007874015748,75.2869822038749,51052.11479147028,5094.0,VENEZUELA 21
759.45,0.15748031496062992,23.01576682268445,33.600528858481695,0.968503937007874,74.00867703438178,52259.776609588036,5625.0,YAGUARA
739.0499999999997,0.14960629921259844,22.968682588949623,33.49404235449825,0.9527559055118108,74.42856376949818,51611.639225111874,6875.0,YAGUARA
889.0500000000003,0.15748031496062992,23.357223670559765,32.827089712278706,0.8661417322834646,79.47610492003716,52369.23468620872,5750.0,COLOMBIA XXI
676.58,0.11023622047244094,22.94410495814257,33.195669405530765,0.8976377952755905,76.00459051802808,54023.538458452684,7562.0,COLOMBIA XXI
1169.57,0.1968503937007874,23.03916629683345,32.338219600277874,0.8110236220472441,81.30544208234035,53518.951187396066,4687.0,COLOMBIA XXI
952.5499999999997,0.14960629921259844,22.937147721017126,32.97559039252408,0.8740157480314961,76.88584795805431,53486.48026810801,5937.0,F473
554.9,0.11023622047244094,23.318640993394407,33.06012189198525,0.8897637795275591,78.90681358145444,52325.89108166038,4687.0,F473
969.21,0.1811023622047244,23.060917613590284,32.46446525696002,0.8267716535433071,80.77136287837517,53215.07847661444,5000.0,F473
1034.43,0.1968503937007874,23.18478272567788,32.33181412172754,0.8110236220472441,80.96051436885602,52185.83628620871,4062.0,F473
554.9,0.11023622047244094,23.318640993394407,33.06012189198525,0.8897637795275591,78.90681358145444,52325.89108166038,4125.0,F473
1169.57,0.1968503937007874,23.03916629683345,32.338219600277874,0.8110236220472441,81.30544208234035,53518.951187396066,3562.0,F473
363.88000000000005,0.07874015748031496,23.375537688686947,32.86757158304595,0.8740157480314961,78.49420614478339,50273.7494069632,6000.0,F473
451.67,0.10236220472440943,23.190294536701497,32.76642110458368,0.8740157480314961,79.14453011688755,50369.84961290687,5550.0,F473
451.67,0.10236220472440943,23.19423154457552,32.75382267938683,0.8740157480314961,79.14476633735998,50350.50681290688,7250.0,F473
891.2399999999999,0.15748031496062992,23.30682996977235,33.049885671512804,0.8740157480314961,78.91185295153318,53036.08228166038,5937.0,F473
341.5200000000001,0.07874015748031496,23.350393700787397,32.781063675769516,0.8503937007874016,77.8811811023622,51395.51500753273,6250.0,F473
365.48,0.08661417322834647,23.35283504639277,32.749696254718316,0.8661417322834646,78.85279663190866,50788.51651700455,6000.0,F473
464.53,0.10236220472440943,23.328877213866853,33.042799057339565,0.8897637795275591,78.99216791216317,51921.36388166039,5203.0,F473
470.53,0.10236220472440943,23.235176426465287,32.97980693135532,0.8897637795275591,78.79909704602143,51615.46108166038,5625.0,F473
1126.9799999999998,0.1732283464566929,22.90314960629921,32.684251968503936,0.8582677165354331,78.15370078740159,54458.424913720664,7125.0,F473
397.88000000000005,0.09448818897637797,23.39512671784916,32.63956009502168,0.8503937007874016,79.21504764880757,50497.66592510554,5937.0,F473
477.73,0.10236220472440943,23.225727607567638,32.879806931355326,0.8740157480314961,78.79878208539151,50828.37628166039,5000.0,F473
1089.7500000000002,0.1732283464566929,23.012598425196856,32.76771653543307,0.8503937007874016,78.91771653543306,54319.5972,6750.0,F473
623.45,0.11811023622047245,23.30604256819756,33.03177543529233,0.8818897637795275,78.97830964444658,52249.713881660384,6852.0,F60
1090.07,0.1732283464566929,23.08897637795276,32.73070866141731,0.8503937007874016,79.21503937007877,54704.06519999999,5000.0,F60
953.57,0.14960629921259844,22.939411037865845,32.805409729992235,0.8740157480314961,77.62615876265902,54142.56707832016,6750.0,F733
365.08,0.08661417322834647,23.33250523875525,32.954687864789534,0.8897637795275591,78.37332187588889,50663.711375026505,4187.0,F733
409.91000000000014,0.09448818897637797,23.20761737134717,32.79555496285139,0.8740157480314961,79.09397893578517,50373.90921290687,7187.0,F733
588.22,0.07874015748031496,22.968825683886923,33.54459042703713,0.9291338582677166,74.52211454884673,54748.28736213908,6250.0,F733
477.73,0.10236220472440943,23.213129182370785,32.91209039592225,0.8818897637795275,78.92342775468285,51296.90188166039,6500.0,F733
582.77,0.07874015748031496,22.97459249195385,33.514975259351466,0.9212598425196852,74.55287403705883,54558.02969842983,7333.0,F733
1022.12,0.15748031496062992,22.922834645669298,32.70393700787401,0.8661417322834646,77.98850393700789,54152.283313720654,6500.0,F733
341.5200000000001,0.07874015748031496,23.350393700787397,32.781063675769516,0.8503937007874016,77.8811811023622,51395.51500753273,5625.0,F733
991.01,0.1889763779527559,23.0777264064988,32.47240762122332,0.8267716535433071,80.948931244128,53336.64724107451,7187.0,F733
1222.15,0.2047244094488189,23.060117859848052,32.3440228486512,0.8110236220472441,81.49469241181036,53404.77621301152,8125.0,F733
1126.9799999999998,0.1732283464566929,22.90314960629921,32.684251968503936,0.8582677165354331,78.15370078740159,54458.424913720664,6437.0,F733
946.22,0.1732283464566929,23.355648867410164,32.68220782251495,0.8503937007874016,80.00681358145447,52250.55108620871,6375.0,LAGUNAS
1034.5,0.1968503937007874,23.162735481583386,32.33338892487714,0.8110236220472441,80.94445137673003,52252.46148620871,3125.0,LAGUNAS
888.6,0.15748031496062992,23.329664615441647,32.85618488411121,0.8661417322834646,79.39665610113954,52456.9922816604,5000.0,LAGUNAS
1035.9,0.1968503937007874,23.158798473709375,32.317640893381075,0.8110236220472441,80.99366397515524,52203.74628620872,5375.0,LAGUNAS
1151.28,0.1889763779527559,23.068733161984177,32.356548059147265,0.8110236220472441,81.22162759954502,53963.62324640856,6562.0,LAGUNAS
988.41,0.1889763779527559,23.295018946150307,32.44677475164881,0.8188976377952756,80.64374271531274,52147.86708620871,4875.0,LAGUNAS
676.13,0.11023622047244094,22.949010543755737,33.288663171438515,0.905511811023622,75.67725232054504,54167.83032900572,6750.0,LAGUNAS
891.6899999999997,0.15748031496062992,23.317066190244798,32.984531340804146,0.8661417322834646,79.062640353108,52948.20388166038,6562.0,LAGUNAS
554.9,0.11023622047244094,23.318640993394407,33.06012189198525,0.8897637795275591,78.90681358145444,52325.89108166038,6500.0,LAGUNAS
1106.56,0.16535433070866146,22.90314960629922,32.6763779527559,0.8582677165354331,78.0744094488189,54029.062513720666,6500.0,MOCARI
890.29,0.14173228346456693,22.92437294098939,32.949328030373124,0.8740157480314961,76.86642630716874,53483.49543689931,6187.0,MOCARI
1096.1,0.1732283464566929,23.003937007874022,32.767716535433074,0.8503937007874016,79.02346456692914,54241.2708,6250.0,TAILANDIA ORO
952.55,0.14960629921259844,22.94576594875317,32.975983081786715,0.8740157480314961,76.91749978682994,53526.15060038341,7562.0,TAILANDIA ORO
609.89,0.09448818897637797,22.951674029988627,33.44534064314472,0.9133858267716536,74.9221645451506,54479.99161709344,7187.0,TAILANDIA ORO
1123.8099999999997,0.1732283464566929,22.89291338582677,32.662992125984246,0.8582677165354331,78.14354330708666,54224.639713720666,6562.0,VENEZUELA 21
1134.24,0.1732283464566929,22.9251968503937,32.68818897637795,0.8582677165354331,78.16881889763782,54478.48411372067,6062.0,VENEZUELA 21
969.21,0.1811023622047244,23.060917613590284,32.46446525696002,0.8267716535433071,80.77136287837517,53215.07847661444,6875.0,YAGUARA
582.77,0.07874015748031496,22.97459249195385,33.514975259351466,0.9212598425196852,74.55287403705883,54558.02969842983,6791.0,YAGUARA
